pres12,vote12,age,race,degree,sei10,rincom06,partyid,sex
.i,2,53,1,3,59.1,21,5,1
2,1,26,1,3,61.9,21,5,2
2,1,59,1,1,38.1,.i,6,1
2,1,56,1,3,73.90000000000001,10,5,2
1,1,74,1,3,76.3,.i,3,2
2,1,56,1,3,52,25,6,2
.n,1,63,1,1,.i,.a,6,1
.i,2,34,1,4,69.3,16,.d,1
.i,2,37,1,0,.i,.i,3,2
1,1,30,3,2,39.6,18,3,2
.i,2,43,3,0,.i,.i,3,2
.i,2,56,1,0,32,.i,3,1
.i,2,69,1,0,23.3,.i,3,1
1,1,40,1,1,42.9,14,1,2
.i,2,25,1,1,26.9,15,3,2
2,1,56,1,1,36.4,14,6,1
1,1,51,3,1,24.2,21,1,2
.i,2,46,1,1,37.6,25,3,1
2,1,51,1,0,20.9,13,4,1
.i,2,39,3,0,14,6,1,2
.i,2,30,2,1,71,14,3,2
.i,2,36,1,0,.i,.i,4,2
.i,2,42,1,1,13.6,.i,1,2
.i,2,38,3,1,21.5,.i,1,1
1,1,38,1,1,54.6,16,0,2
.i,2,28,2,4,43,.i,2,2
1,1,35,1,1,18.6,14,3,1
2,1,57,1,3,91.09999999999999,22,5,1
.i,2,50,1,1,57.4,22,2,1
1,1,54,1,3,78.3,18,2,1
3,1,.n,1,3,56.9,.i,3,2
1,1,61,1,3,38.3,18,2,2
1,1,54,1,3,.i,.a,5,2
.i,2,47,1,3,28.5,.a,.n,1
1,1,53,3,1,13.6,.i,1,1
.i,2,37,2,1,24.2,13,3,2
.i,2,38,3,0,13.6,8,3,2
.i,2,31,1,1,38.8,18,4,1
.i,2,69,1,0,39.7,.a,5,2
1,1,35,1,3,43,22,1,1
2,1,61,1,3,92,.a,4,2
2,1,80,1,2,65.3,.i,6,1
.i,2,59,1,0,20.7,.i,3,1
.i,2,26,1,1,31.2,16,2,1
.i,2,50,1,3,64.5,23,6,2
1,1,43,2,1,52,18,0,2
2,1,30,1,2,69.3,19,5,1
1,1,59,1,1,32,20,1,1
.i,3,32,1,4,78.3,23,1,2
.i,3,32,3,1,25.2,16,1,1
2,1,52,1,4,38.8,18,3,2
1,1,42,1,3,74.8,19,0,1
1,1,29,3,2,37.6,19,0,1
1,1,81,1,1,38.8,.i,3,2
.i,3,51,3,4,78.3,21,5,1
1,1,24,2,3,60.3,2,0,2
2,1,63,1,1,47.9,.i,5,2
1,1,44,1,4,67.7,21,1,2
2,1,56,1,3,62,22,6,2
1,1,43,3,3,76.3,.i,0,2
.i,2,51,1,4,37.8,13,1,1
1,1,32,3,3,55.1,14,2,2
1,1,47,3,4,82.5,21,1,2
1,1,47,3,4,61.4,21,2,2
.i,3,34,3,4,87.90000000000001,24,3,1
1,1,69,1,4,79.3,24,0,1
1,1,65,1,3,79.3,25,5,2
2,1,57,1,4,75.59999999999999,25,3,1
.i,2,24,1,3,37.6,.i,5,1
2,1,32,1,1,19.6,13,6,1
.i,2,51,1,2,68.59999999999999,.i,2,1
1,1,66,1,4,80.90000000000001,20,0,2
2,1,51,1,3,67.7,21,3,2
1,1,27,1,3,37.2,.a,3,1
1,1,39,1,4,82.5,23,0,2
1,1,41,3,4,82.5,.i,3,2
1,1,54,1,3,59.9,24,1,1
1,1,58,1,3,82.40000000000001,25,0,2
.i,2,43,3,1,36.9,.i,3,1
.i,2,55,3,0,43.9,.i,2,2
1,1,51,3,0,23.3,8,2,1
.i,2,40,3,0,39.7,.i,2,2
.i,2,35,2,1,37.6,.i,2,2
.i,2,43,3,0,13.6,.i,3,1
1,1,36,2,0,21.6,.i,1,2
1,1,30,3,0,24.2,.i,0,2
1,1,56,2,0,27,.i,1,1
1,1,41,2,3,60.3,20,1,1
1,1,25,1,1,37.6,19,0,1
.i,2,48,2,2,64.5,19,3,2
4,1,45,1,2,72.59999999999999,23,5,1
1,1,72,2,1,23.7,.i,3,2
.i,2,27,2,3,78.3,19,0,2
.i,2,24,1,0,24.2,11,3,2
1,1,40,3,1,43.8,.i,1,2
.i,2,26,2,2,21.8,18,1,2
1,1,28,3,1,21.8,.i,1,2
.i,2,37,2,1,31.6,12,2,2
.n,1,.n,2,4,.i,.a,.n,2
1,1,62,2,0,20.7,.i,0,1
1,1,43,2,1,45.1,22,0,2
1,1,32,1,4,75.59999999999999,20,2,1
1,1,65,2,1,20.1,15,0,2
.i,2,32,1,3,38.8,15,2,2
.i,3,51,1,4,28.5,.a,2,1
1,1,41,1,3,56.9,18,3,1
2,1,81,1,3,38.8,.i,6,1
.i,2,74,1,3,52,.i,1,2
3,1,42,1,4,86.09999999999999,23,4,1
2,1,45,1,3,52,.a,5,1
.i,2,23,2,3,57.8,.i,3,1
.i,3,26,3,1,23.3,10,3,1
.i,2,29,3,1,24.6,15,3,2
1,1,28,3,1,27.6,13,2,1
1,1,60,1,3,20.7,.i,1,2
1,1,35,1,4,82.5,19,2,2
1,1,38,3,3,62.4,.i,0,2
1,1,30,3,3,38.3,17,0,1
1,1,44,3,4,82.5,21,.n,1
.i,2,58,1,3,21.6,15,2,2
.i,2,41,1,3,73.40000000000001,.i,2,1
1,1,61,1,4,80.90000000000001,.i,1,2
1,1,56,1,3,80.90000000000001,14,0,2
1,1,79,1,4,84.5,.i,1,2
1,1,32,1,1,29.5,20,1,1
1,1,68,1,4,88.7,.i,3,2
.i,2,89,1,1,38.8,.i,2,2
.i,.d,38,3,4,92.8,25,5,1
.n,1,29,2,2,20.1,15,.n,2
1,1,77,2,4,62.9,.i,0,1
1,1,47,2,1,73.90000000000001,14,0,1
1,1,53,2,3,81,23,2,1
1,1,54,2,1,45.1,22,0,2
1,1,64,2,4,63.7,21,0,2
.i,2,62,1,3,39.7,.i,2,2
1,1,30,1,4,63.7,18,1,2
2,1,61,1,4,92.8,25,6,1
3,1,63,1,3,32,.i,7,1
1,1,41,1,4,80.90000000000001,21,1,1
1,1,57,3,3,36.9,21,3,2
2,1,29,1,1,28.7,10,5,2
2,1,40,1,4,82.5,19,6,1
4,1,21,1,1,31.2,13,3,1
2,1,55,1,1,48.8,19,3,1
2,1,81,1,1,13.2,.i,6,2
1,1,38,1,4,80.90000000000001,20,1,2
.i,3,37,1,1,59.1,8,7,1
1,1,45,1,4,67.8,.i,0,2
1,1,37,2,3,37.6,19,2,2
.n,.n,55,3,4,59.1,.a,3,1
1,1,74,1,3,24.2,10,3,2
1,1,84,1,3,80.90000000000001,.i,1,2
.i,2,54,1,1,29.6,15,3,1
1,1,23,2,1,27.6,6,3,1
.i,3,25,3,0,12.6,4,0,2
.i,3,81,1,1,59.9,.i,0,2
1,1,48,1,2,36.4,22,4,1
2,1,46,1,1,24.1,.i,6,1
.i,2,51,3,0,18.6,15,1,1
1,1,86,2,2,69.3,.i,0,2
1,1,54,3,0,31.2,16,0,1
1,1,45,1,2,53.7,21,3,2
1,1,75,1,4,82.5,.i,2,2
1,1,23,1,1,68,16,2,1
1,1,63,1,1,67.7,20,0,2
1,1,82,1,1,35.8,.i,2,2
.i,2,50,1,2,86.5,.i,3,2
2,1,83,1,4,82.5,.i,5,1
1,1,67,1,4,91.09999999999999,.i,0,1
2,1,84,1,1,39.7,.i,4,2
1,1,59,2,3,32.6,1,0,2
1,1,45,1,4,34.6,21,0,2
2,1,55,1,2,59.1,17,5,1
2,1,62,1,4,62,.i,5,2
.i,2,77,1,1,37.8,.i,3,2
1,1,46,1,3,57.3,23,2,1
.i,2,59,1,1,52,.i,3,1
.i,3,20,2,1,40.4,3,2,2
1,1,63,1,4,71.8,16,0,1
1,1,71,1,4,88.7,9,5,2
1,1,37,3,1,64.5,19,2,1
.i,2,27,1,0,.i,.i,3,2
.i,2,26,1,1,.i,.i,3,2
.i,2,46,1,1,38.3,3,2,1
.i,2,56,1,0,28.5,.i,3,2
1,1,45,3,1,52,15,1,2
1,1,62,1,1,45.3,18,1,1
.i,2,24,2,1,25.2,.i,3,1
1,1,48,2,3,64.5,20,2,1
1,1,31,2,1,59.8,18,4,1
1,1,37,2,3,67.7,20,0,1
1,1,35,2,1,27,13,0,2
.i,3,26,1,1,43.9,.i,1,2
1,1,54,1,0,12.6,6,2,2
1,1,36,1,1,38.8,15,0,2
2,1,79,1,1,38.8,.i,4,2
1,1,78,2,0,12.6,.i,0,2
.i,2,27,1,1,25.2,14,2,1
1,1,20,3,1,14,6,2,2
.i,3,41,1,1,70.5,22,5,1
.i,2,63,1,1,32.6,.i,4,1
.i,2,25,2,1,20.7,9,1,1
.i,2,32,1,1,12.6,.i,1,2
1,1,34,2,0,21.6,.i,1,2
1,1,46,3,3,51.7,20,2,1
.i,2,50,1,0,12.6,13,3,1
1,1,34,3,1,35.5,17,2,2
.i,2,22,1,0,21.6,.i,3,2
.i,2,35,1,0,18.8,16,1,1
.i,2,41,1,0,19.6,.i,2,2
.i,2,53,1,0,20.1,8,3,2
.i,2,54,1,0,.i,.i,5,2
1,1,50,3,1,.i,.a,.n,2
.i,3,38,1,1,12.6,7,5,2
.i,2,35,1,0,12.6,13,0,2
.i,3,19,2,1,.i,.i,3,1
4,1,56,3,0,28.7,.i,2,1
1,1,46,3,1,45.4,25,2,1
1,1,68,1,0,43.9,.i,0,2
1,1,41,1,1,35.8,19,0,2
.i,2,29,1,0,25.2,.a,3,1
2,1,61,3,1,27,10,5,2
.i,2,56,1,1,39.2,11,4,1
.i,2,33,1,1,35.8,.i,5,2
.i,2,24,3,3,64.2,18,1,2
1,1,69,1,1,78.3,13,0,1
1,1,61,1,4,73.59999999999999,21,0,1
1,1,78,2,1,24.2,.i,2,2
.i,2,43,1,1,23.8,9,3,1
.i,2,52,1,0,21.3,.i,5,1
1,1,59,1,1,33.9,.i,1,1
1,1,69,1,4,92.8,25,0,1
1,1,37,1,2,61.4,.i,0,1
.i,2,41,1,3,71.8,20,1,2
1,1,59,1,3,61.2,.i,2,2
.i,2,23,1,1,73.90000000000001,12,7,2
.i,3,19,3,1,.i,.i,2,1
1,1,30,1,3,64.2,11,2,2
.n,.n,75,1,0,.i,.i,4,2
.i,2,46,1,0,23.3,.a,1,2
.i,3,19,1,1,15.8,.i,3,1
.i,2,51,3,4,71.8,25,1,2
4,1,61,1,4,82.5,20,5,2
.i,2,45,1,1,21.6,15,1,2
.i,2,58,3,0,18.6,19,1,1
1,1,79,1,0,15.8,.i,1,2
.i,2,75,3,3,35.8,.i,4,2
2,1,89,1,1,62,.i,6,1
4,1,41,3,1,65.3,13,3,2
.n,1,32,3,3,71.8,.a,4,1
2,1,58,3,3,38.3,18,6,2
2,1,72,1,3,38.3,19,4,1
1,1,66,1,2,78.3,.i,1,2
1,1,21,2,1,.i,.i,2,2
2,1,45,1,1,32,.i,4,2
.i,2,58,1,1,58.4,19,3,1
2,1,50,1,1,75.5,2,4,2
1,1,55,1,4,72.7,.i,0,2
2,1,43,1,2,39.7,23,3,1
2,1,31,1,1,31.9,.i,3,2
1,1,30,1,1,21,.i,0,2
1,1,42,2,0,25,.i,2,2
1,1,25,3,0,41.4,10,3,2
1,1,59,1,0,12.6,.i,1,2
2,1,80,1,0,23.3,.i,5,2
.i,.d,58,1,1,12.6,.i,3,2
.i,2,40,1,0,.i,.i,3,2
.i,2,78,1,4,85.2,.i,.n,1
.i,2,78,1,1,31.9,.i,1,2
1,1,46,1,4,80.90000000000001,21,6,2
.i,3,43,1,2,23.8,19,4,1
2,1,81,1,3,77.40000000000001,.i,6,1
.n,1,63,2,3,80.7,.i,.n,2
1,1,48,2,1,20.7,15,0,1
1,1,48,3,1,52.9,20,1,2
1,1,57,2,1,74.8,.i,0,1
1,1,29,1,1,59.4,12,0,2
.i,2,30,1,1,13.6,.i,2,2
1,1,29,2,3,57.4,18,0,2
1,1,50,2,2,62.9,20,0,2
.i,3,61,1,0,23.3,.i,3,2
.i,2,30,1,1,37.6,15,3,1
.i,2,32,1,4,63.7,19,1,1
.i,3,18,1,0,.i,.i,7,2
1,1,85,1,4,38.8,.i,0,2
.i,2,51,1,1,25.2,.i,3,1
1,1,26,1,1,19.6,15,2,2
2,1,38,1,3,86.7,24,7,1
1,1,39,3,0,24.2,14,3,2
.i,2,20,1,1,23.8,12,2,1
2,1,39,1,1,41.1,2,5,2
1,1,57,1,1,14,4,0,2
.i,2,87,1,1,41,.i,6,2
1,1,81,1,0,43,.i,4,2
.i,2,31,1,1,46.6,19,4,1
2,1,61,1,3,25,15,6,2
1,1,31,1,1,53,13,3,2
1,1,61,3,1,29.4,.i,0,1
.i,2,39,1,1,58.4,.i,2,2
2,1,84,1,3,84.5,.i,4,1
1,1,54,1,3,73.90000000000001,.i,2,2
.i,2,26,3,1,35.3,18,2,1
.n,1,84,1,4,87.3,.i,3,2
1,1,60,2,3,71,25,0,1
.n,1,43,1,3,73.90000000000001,21,3,2
1,1,65,1,3,67.7,19,0,1
1,1,34,2,4,69.3,24,1,2
1,1,78,1,0,20.1,.i,0,2
.i,2,85,1,1,69.3,.i,3,2
1,1,73,1,0,43.9,.i,1,2
.i,2,25,1,1,63.1,16,1,2
2,1,30,1,4,83.40000000000001,21,3,2
1,1,46,2,1,25.2,20,0,2
1,1,28,2,1,77.2,15,1,2
.i,2,40,2,1,24.2,15,1,2
.i,2,25,2,1,29.4,7,3,1
1,1,55,3,3,48.1,18,0,1
.i,3,19,3,0,.i,.i,2,2
.i,2,31,3,0,21.6,8,4,2
.i,3,33,3,1,31.2,15,2,1
1,1,27,1,3,.i,.i,1,1
2,1,62,1,3,71,.i,6,1
1,1,70,1,4,76.3,.i,0,2
2,1,58,1,3,65.3,20,2,1
1,1,54,3,2,39.7,5,3,2
1,1,50,3,1,25,.i,3,2
1,1,36,1,1,21.6,13,0,2
.i,2,34,3,1,32.6,14,2,2
.i,3,19,3,1,21.8,1,2,2
.i,2,39,3,1,38.1,.i,3,2
1,1,66,3,1,37.6,20,1,1
1,1,73,1,4,91.09999999999999,.i,0,2
.i,2,53,1,1,75.5,16,1,2
2,1,41,1,3,69.3,20,1,1
1,1,35,2,3,59.1,1,3,1
2,1,23,1,2,27,.i,5,2
.i,.d,74,1,0,19.6,.i,4,2
.i,2,36,3,0,12.4,.i,5,2
.i,2,23,2,1,18.6,.i,1,1
2,1,64,1,4,67.7,11,6,2
1,1,39,3,1,26.1,3,2,2
1,1,82,1,4,67.8,.i,.n,1
1,1,50,1,3,61.2,9,1,1
1,1,74,1,3,56.9,.i,0,1
.i,2,45,1,3,62,20,7,2
2,1,47,1,0,83.8,22,5,1
2,1,69,1,1,24.6,.i,6,2
.i,2,36,1,1,51.9,20,5,1
2,1,38,1,1,62.6,22,5,1
1,1,42,1,4,84.5,19,0,2
2,1,70,1,4,57,9,5,1
2,1,70,1,3,52.4,.i,4,1
1,1,53,1,1,37.2,14,7,2
1,1,65,1,1,57.4,.i,3,1
.i,2,29,1,3,83.8,20,2,1
.i,2,28,3,1,39.7,1,1,1
2,1,63,1,1,37.6,.a,6,1
.i,2,35,1,1,25.7,14,3,2
.i,2,35,1,0,38.1,5,1,2
1,1,50,1,4,62.9,9,0,2
2,1,57,1,1,43,15,4,2
1,1,40,1,1,41,25,0,1
1,1,32,1,1,37.8,17,1,2
2,1,30,1,3,65.3,20,6,2
1,1,30,1,3,69.40000000000001,18,4,2
2,1,49,1,3,77.2,25,5,1
1,1,58,1,1,49.6,19,0,2
.i,2,24,1,3,26.1,.i,3,2
2,1,49,1,3,69.3,24,5,2
.i,2,66,1,1,50,13,3,1
1,1,43,1,3,70.5,19,3,1
1,1,67,3,4,83.8,25,0,1
2,1,69,1,3,84.2,.i,6,2
1,1,65,1,1,59.1,21,0,1
2,1,52,1,1,43,22,6,1
3,1,63,1,3,52.4,25,2,1
1,1,60,1,1,68.59999999999999,25,2,1
.i,2,20,1,1,.i,.i,4,2
2,1,49,1,3,76.3,24,5,1
.i,2,36,1,4,82.5,20,5,2
1,1,23,2,1,37.6,.a,0,1
.i,3,19,1,0,31.2,16,2,1
2,1,57,1,4,88.7,20,5,1
.i,3,33,3,0,.i,.i,3,2
.i,3,39,3,0,20.5,18,1,1
.i,2,33,3,1,31.2,19,3,1
.i,2,38,2,2,24.2,16,1,2
1,1,57,2,1,38.8,15,1,2
.i,2,23,1,1,25.2,3,1,1
1,1,46,2,1,21.8,.i,0,2
1,1,23,2,1,12.6,.i,2,2
1,1,55,2,1,32,21,0,1
1,1,22,2,2,24.2,17,1,2
1,1,70,2,4,71.7,12,0,2
.i,2,27,2,2,30.3,16,3,1
1,1,58,2,3,42.7,21,1,2
1,1,55,2,1,24.2,.i,0,2
1,1,36,2,4,84.5,18,2,2
2,1,65,1,1,35.1,.i,3,2
1,1,64,1,3,.i,.a,1,2
.i,2,41,1,1,31.6,17,0,2
2,1,58,1,1,59.1,22,4,1
3,1,52,1,1,52,21,2,2
1,1,63,1,4,86.7,19,0,2
1,1,70,1,3,84.5,23,0,1
2,1,63,1,4,91.90000000000001,25,5,1
.i,2,31,1,3,65.3,20,7,2
1,1,88,1,4,91.09999999999999,.i,0,1
.n,1,60,2,4,84.5,22,2,2
1,1,34,1,3,82.5,23,0,2
.i,3,35,1,4,91.09999999999999,25,2,1
1,1,72,1,1,26.1,14,0,2
2,1,77,1,1,24.2,.i,6,2
2,1,49,1,1,24.6,18,5,1
1,1,38,2,3,59.8,18,1,2
1,1,40,1,3,76.3,23,1,2
1,1,37,2,3,71.8,13,1,2
1,1,35,1,3,78.3,19,1,2
1,1,62,2,1,35.8,18,0,2
1,1,32,2,1,64.5,21,1,1
.i,2,70,1,3,25.2,5,6,1
1,1,44,3,3,30.3,2,7,1
1,1,60,1,4,.i,.a,2,1
1,1,57,3,4,77,21,1,2
2,1,55,1,4,77.40000000000001,.i,6,1
3,1,39,2,1,31.6,.i,4,1
.i,3,52,2,3,31.1,.i,2,1
.i,2,22,2,1,21.6,.i,1,2
.i,2,42,1,0,36.2,14,1,1
1,1,25,2,3,39.7,7,1,1
.i,2,42,2,1,39.7,11,3,2
.i,2,46,2,0,.i,.i,4,2
.i,2,89,1,1,35.8,.i,1,2
.i,3,18,2,0,.i,.i,2,2
2,1,41,1,1,59.1,25,4,1
1,1,56,1,4,75.5,25,5,1
2,1,45,1,1,50,9,5,1
1,1,25,1,3,42.9,17,1,2
1,1,24,1,3,56.9,16,0,1
1,1,25,3,4,29.4,1,2,2
1,1,66,1,3,80.7,.i,0,2
1,1,36,1,4,54.1,3,1,1
1,1,65,1,1,59.8,19,2,1
2,1,44,1,4,76.3,16,4,1
2,1,78,1,1,32,8,3,1
1,1,59,1,4,79.3,22,0,1
1,1,65,1,3,61.2,25,1,1
1,1,41,1,3,87.90000000000001,.i,1,2
1,1,60,1,4,73.90000000000001,24,0,2
1,1,50,3,3,82.7,19,2,1
.i,2,66,1,3,86.09999999999999,.i,0,1
1,1,65,1,2,81.59999999999999,.i,2,1
.i,2,31,2,4,59.1,.a,2,1
1,1,32,1,4,88.7,13,1,1
1,1,28,1,3,83.8,20,2,1
1,1,29,2,1,38.8,11,0,2
2,1,71,1,4,43,.i,5,1
2,1,44,1,3,73.90000000000001,21,3,2
.i,2,31,1,1,43,.i,3,1
1,1,65,1,1,25.2,.i,1,1
1,1,72,1,3,73.90000000000001,.i,5,1
2,1,45,1,4,80.90000000000001,11,4,2
.i,3,19,1,0,.i,.i,3,1
.i,2,23,1,0,24,.i,2,1
.i,2,55,2,1,20.7,.i,1,1
.i,2,74,1,1,24.2,8,0,2
.i,2,60,3,1,21.6,9,0,1
1,1,38,1,0,24,.i,0,1
.i,2,75,1,1,22.9,.i,1,1
.i,2,55,1,2,14,13,3,2
.i,2,28,1,3,62.9,15,2,1
.i,2,75,1,0,28.7,.i,1,1
1,1,28,2,1,24.2,.i,3,2
1,1,24,1,1,44.6,16,2,2
1,1,53,1,2,35.8,.i,1,2
.i,2,40,1,2,46.7,19,4,2
1,1,55,1,3,84.2,18,3,2
1,1,70,1,1,71.59999999999999,.i,3,1
1,1,52,1,3,63.7,17,1,2
.i,2,63,1,1,31,17,1,1
2,1,69,1,3,57.5,.a,4,2
1,1,38,1,3,77.40000000000001,25,2,1
.d,1,63,1,3,51.8,.i,3,1
.d,1,43,1,4,91.09999999999999,.i,5,1
.i,2,31,1,0,35.8,19,3,1
1,1,60,1,4,80.90000000000001,21,2,2
1,1,59,1,3,77.40000000000001,24,1,1
1,1,54,1,4,63.7,21,2,2
1,1,38,1,4,91.09999999999999,25,2,1
1,1,47,1,4,81,22,1,2
.i,3,54,3,3,78.3,.a,1,2
1,1,25,1,3,65.3,20,0,1
.i,2,34,3,1,39.7,.i,1,2
1,1,54,1,4,91.09999999999999,.i,0,2
1,1,57,1,4,52,19,1,2
.i,2,21,1,1,17,10,2,2
1,1,66,1,1,62,21,0,1
1,1,69,1,0,41,.i,0,1
.i,2,50,3,4,88,21,3,2
1,1,65,3,1,60.5,17,3,2
1,1,74,1,4,92.09999999999999,24,0,1
2,1,68,1,3,77.40000000000001,.i,5,1
2,1,65,1,4,86.8,18,4,1
1,1,54,1,3,73.59999999999999,25,2,1
1,1,63,1,4,91.09999999999999,23,0,1
.i,2,66,1,3,27.1,23,2,1
.i,3,40,3,4,86.5,.i,4,2
.i,2,71,3,3,77.40000000000001,25,4,1
.i,2,36,3,0,22.9,16,3,1
1,1,58,3,1,50.1,16,0,2
.i,2,37,2,1,24.2,18,3,2
1,1,51,2,1,61.2,.a,2,2
1,1,60,3,2,28.7,.i,0,2
1,1,34,2,1,62.9,21,0,2
1,1,34,1,4,38.3,16,0,2
2,1,69,1,3,57,18,7,2
1,1,68,2,1,68.59999999999999,10,0,2
.i,2,32,2,1,46.2,22,2,1
2,1,74,1,1,25.7,.i,6,2
.i,3,31,3,1,19.7,14,3,1
2,1,56,3,3,69.3,4,4,2
1,1,37,2,2,41.1,16,1,2
1,1,50,1,1,52.4,.i,1,1
1,1,63,1,1,45.4,14,0,1
1,1,45,2,2,76.3,19,0,2
.i,2,50,1,0,35.3,19,7,1
1,1,23,3,1,.i,.i,4,1
.i,3,21,3,1,28.7,18,0,1
.i,2,60,1,1,23.8,19,2,1
.i,3,40,3,1,83.8,19,0,1
1,1,28,1,3,74.8,23,0,1
1,1,43,1,4,82.5,15,3,2
.i,3,22,3,3,.i,.i,3,1
.i,3,41,1,0,24.1,11,3,2
.i,3,29,3,4,87.90000000000001,22,4,1
.i,.d,22,1,0,80.09999999999999,.i,2,1
.i,2,33,3,1,13.3,1,4,2
1,1,42,1,3,80.90000000000001,21,1,2
.i,.d,29,1,3,62,21,1,1
.i,2,71,1,1,38.1,.i,3,2
1,1,44,1,4,92.8,25,2,1
.i,2,61,1,1,25.2,.i,1,1
2,1,80,1,1,58.4,.i,6,1
1,1,30,1,3,44.6,19,3,2
.i,2,33,1,1,26.2,23,3,1
1,1,69,1,3,73.40000000000001,13,0,1
1,1,37,1,3,57,10,3,2
1,1,70,1,4,84.5,.i,1,1
2,1,64,1,3,19.6,8,6,2
1,1,76,1,4,69.3,.i,0,2
2,1,76,1,1,43,.a,3,2
1,1,50,1,3,75.59999999999999,.a,1,1
2,1,38,3,3,54.6,16,4,2
.i,3,77,3,3,61.4,.i,1,2
1,1,49,3,1,57.4,16,3,2
.i,3,43,1,1,83.8,19,5,2
.i,.d,49,1,1,39.1,1,6,2
.i,2,64,1,1,38.8,.i,3,2
.i,2,36,3,1,45.4,.a,.n,1
2,1,49,1,3,52.6,18,3,2
.i,2,45,1,2,83.8,21,1,1
2,1,68,1,1,82.7,12,4,2
1,1,79,2,1,34.7,.i,0,1
2,1,53,1,1,57.4,19,5,1
2,1,74,1,1,68.59999999999999,.i,6,2
2,1,77,1,1,50,.i,4,2
2,1,30,1,3,69.3,19,5,2
2,1,44,1,3,.i,.i,6,2
1,1,56,2,1,62.6,11,7,1
.i,2,31,2,0,19.6,6,3,2
1,1,65,2,1,24.2,.i,3,2
.i,3,55,3,0,60.1,15,0,1
.i,2,55,2,1,13.6,18,3,2
.i,3,54,3,1,49.6,12,6,1
1,1,75,2,1,26.9,.i,0,1
1,1,53,2,3,61.5,.i,0,2
1,1,45,2,2,24.2,.i,0,2
.n,1,71,1,1,33.4,18,4,2
2,1,32,1,1,69.3,17,4,2
.i,2,33,3,3,76.7,.i,2,2
1,1,72,1,4,67.7,.i,2,2
1,1,70,1,1,29.7,.i,2,1
1,1,58,1,1,39.9,15,0,2
.i,2,54,1,3,68.59999999999999,20,4,2
2,1,70,1,1,39.7,12,6,2
1,1,47,2,1,42.2,24,0,1
2,1,47,1,3,65.3,20,5,1
1,1,33,1,2,57.5,.i,2,1
.i,2,47,2,1,22.9,3,2,1
2,1,40,1,3,41,.i,1,2
1,1,42,2,1,13.6,11,1,2
2,1,56,1,4,84.5,22,6,2
2,1,66,1,1,43,.i,6,1
.n,.n,55,1,3,82.5,18,3,2
1,1,74,2,1,52,.i,0,1
.i,3,18,1,1,24.6,.i,4,2
.i,2,58,1,1,24.2,.i,3,2
.n,1,76,1,2,37.6,.i,3,2
1,1,66,2,3,39.7,.i,0,1
2,1,62,1,2,38.8,15,6,2
.i,2,70,2,1,13.2,.i,2,2
1,1,53,2,1,31.6,16,0,2
1,1,83,1,4,73.59999999999999,.i,0,2
1,1,66,1,3,19.7,14,1,1
1,1,30,2,1,13.6,15,2,1
2,1,61,1,1,25.7,.a,5,2
1,1,81,2,1,43,.i,0,2
2,1,71,1,1,24.2,.i,6,2
1,1,80,1,4,76.3,.i,0,2
2,1,74,1,3,71.7,.i,6,2
2,1,57,1,3,78.3,25,4,1
.i,2,58,1,1,73.90000000000001,22,4,1
.i,2,47,1,1,28.3,17,7,1
.i,2,55,1,1,56.3,.i,3,2
1,1,29,3,3,81.90000000000001,19,1,1
1,1,36,1,3,86.7,20,0,1
2,1,44,1,3,73.09999999999999,21,6,2
2,1,43,1,3,38.3,.i,6,2
2,1,26,1,1,39.2,18,4,1
1,1,64,1,3,76.3,23,1,1
2,1,71,1,1,52,.i,6,2
2,1,67,1,3,76.3,.a,5,1
.i,.d,31,3,3,.i,.i,3,2
.i,3,40,3,3,.i,.i,3,1
.i,2,47,1,1,23.7,14,3,2
2,1,70,1,1,29.5,13,1,2
.n,.n,29,3,3,87.90000000000001,.a,3,2
1,1,69,1,1,67.7,.i,3,1
1,1,61,1,2,52,19,1,2
2,1,62,1,2,38.8,.a,5,2
1,1,21,1,1,38.8,11,0,2
1,1,41,1,1,38.8,18,0,1
1,1,35,1,4,63.7,19,1,1
1,1,67,2,1,24.2,.i,0,2
1,1,76,2,0,43.9,.i,0,2
.i,2,30,1,1,20.7,6,6,1
1,1,55,2,1,25.7,.i,0,2
1,1,63,2,1,23.8,.i,0,2
1,1,26,2,2,41.1,9,2,2
1,1,49,2,0,24.2,4,0,2
.i,2,32,2,1,13.6,1,6,1
1,1,42,1,3,19.6,1,0,2
.i,2,50,1,1,44.9,.i,1,2
.i,2,48,1,0,21.8,.i,3,2
2,1,76,1,1,23.8,.i,6,2
2,1,53,1,1,73.90000000000001,21,5,1
.i,2,31,1,1,26.9,.i,6,2
1,1,37,2,3,52,20,2,2
1,1,46,2,1,24.2,19,0,2
3,1,40,1,4,80.7,17,2,2
1,1,25,2,1,20.8,10,1,2
.i,2,61,3,1,32,20,5,1
1,1,50,1,1,65.3,3,0,2
3,1,51,3,1,32,22,3,1
.n,1,57,1,1,45.4,19,2,1
1,1,79,2,2,24.2,12,2,2
1,1,31,2,1,17.1,6,1,2
1,1,24,2,1,39.2,10,3,2
1,1,61,2,1,52,11,2,2
1,1,62,2,1,38.3,16,1,2
1,1,64,2,3,59.8,.i,3,2
1,1,54,2,1,23.7,18,1,1
.i,2,24,1,1,43,13,3,2
.i,2,79,1,0,14,.i,3,1
1,1,33,2,1,33.4,.i,2,2
1,1,27,2,1,13.6,6,1,2
3,1,36,1,3,52.3,18,4,1
.i,3,19,2,1,39.7,.i,3,1
.n,1,59,1,1,56.8,20,3,2
2,1,63,1,1,41,.i,4,1
.n,1,41,1,1,61.2,5,5,1
4,1,36,1,3,85.8,.a,.n,2
1,1,36,2,4,69.3,21,0,2
.i,2,40,1,1,20.7,17,3,1
.i,2,33,2,0,43,11,3,1
1,1,32,1,1,23.7,.i,0,2
.i,2,47,1,1,24.6,.i,3,2
2,1,39,1,1,.i,.a,6,1
.i,2,25,3,1,57.4,.i,1,1
.i,2,20,1,1,38.8,.i,1,2
3,1,32,3,1,37.6,20,1,2
.i,2,32,1,1,18.9,18,2,1
.i,3,46,3,1,.i,.i,3,2
.i,2,57,1,1,22.1,15,1,1
.i,2,60,1,1,32,18,3,1
.i,2,59,1,0,12.6,16,3,2
2,1,47,1,4,80.90000000000001,11,5,2
2,1,57,1,2,62.7,19,6,2
2,1,67,1,4,91.09999999999999,.i,5,2
1,1,65,1,4,71.59999999999999,25,1,1
2,1,61,1,3,76.3,1,5,2
.i,2,36,1,1,14.8,.i,4,2
3,1,37,1,1,76.3,.i,7,2
2,1,80,1,1,46.6,.i,6,1
.i,2,26,1,1,43,14,3,2
2,1,33,1,3,59.1,19,6,2
2,1,27,1,3,83.8,21,6,1
.i,2,34,1,3,53.8,20,3,2
2,1,50,1,2,84.2,.i,3,2
2,1,58,1,2,61.5,.i,4,2
1,1,39,2,4,59.1,20,0,1
.i,2,70,2,1,35.8,.i,0,2
.i,2,24,2,1,14,9,1,2
.i,2,40,2,1,19.6,14,1,2
2,1,48,1,2,59.9,20,6,1
.i,2,58,1,0,14,3,2,1
1,1,57,1,1,38.8,18,2,1
2,1,76,1,0,25,.i,6,1
2,1,53,1,1,54.3,19,6,1
.i,2,30,1,2,14,2,5,2
.i,3,64,1,0,12.6,.a,2,2
.i,2,59,1,1,28.5,.i,7,2
.i,2,88,1,1,38.3,.i,5,2
1,1,61,2,3,81,21,0,1
1,1,50,3,3,21.6,8,2,1
1,1,76,3,4,87.90000000000001,.i,2,1
.i,3,27,1,0,.i,.i,3,2
1,1,27,2,1,12.6,8,0,2
.i,2,21,2,1,21.6,9,0,1
1,1,29,2,3,57.4,19,0,2
1,1,59,2,0,62.1,.i,7,2
1,1,32,2,1,52.3,3,0,1
.i,3,37,3,0,21.6,15,3,1
.i,3,37,1,2,52.3,14,1,1
.i,2,40,1,3,76.3,.i,0,1
2,1,51,1,2,70.5,.i,5,2
.i,3,26,1,1,19.6,.i,1,2
2,1,71,1,3,89.90000000000001,20,5,1
1,1,53,2,3,38.3,19,0,2
1,1,45,1,1,50.1,16,3,1
2,1,53,1,3,68.59999999999999,24,5,1
1,1,22,2,1,19.6,3,1,2
1,1,58,2,4,73.90000000000001,23,0,2
2,1,50,1,3,69.3,24,6,1
1,1,52,1,0,68.59999999999999,.i,5,2
2,1,48,1,1,37.6,16,6,2
.i,2,62,1,1,27,.a,3,2
2,1,26,1,1,28.6,17,5,2
1,1,59,1,1,21.8,2,2,2
2,1,64,1,1,38.1,.i,5,2
1,1,38,2,3,80.90000000000001,19,0,2
1,1,52,2,0,21.8,4,0,2
1,1,28,2,1,21.6,.i,6,2
1,1,73,2,4,80.90000000000001,20,1,2
.i,2,29,1,1,59.1,.i,3,1
1,1,32,2,2,52,16,0,2
1,1,79,2,0,12.6,.i,0,2
2,1,48,1,3,84.2,20,4,2
.i,3,53,1,1,31.6,10,2,1
.i,2,45,1,0,33.9,11,3,1
1,1,43,1,1,13.6,.i,1,2
1,1,32,1,4,82.5,13,6,2
.i,2,25,2,1,34.7,.i,1,2
1,1,79,2,0,28.7,.i,1,1
1,1,55,2,1,33.2,.i,0,1
1,1,39,2,1,52,17,0,2
1,1,78,2,1,33.2,.i,0,1
1,1,54,2,1,50.4,18,0,1
.i,3,20,2,1,20.7,3,2,1
.i,2,72,1,0,61.4,.i,6,2
.i,2,50,1,0,24.2,14,3,2
1,1,79,1,1,52.4,.i,0,1
1,1,89,1,1,76.3,.i,1,2
.i,2,75,3,1,34.8,.i,3,2
.i,2,53,1,1,15.8,10,3,2
.i,3,47,1,1,32,16,1,1
1,1,75,2,1,25.7,19,0,1
.i,2,48,1,1,.i,.i,1,2
1,1,63,2,3,80.90000000000001,10,1,2
2,1,43,1,4,43,20,4,1
.i,2,31,1,4,35.8,4,0,1
.i,2,40,1,4,61.9,22,1,1
2,1,74,1,4,37.8,17,4,1
1,1,48,1,3,21.8,.i,3,2
1,1,68,1,1,68.59999999999999,.i,2,2
1,1,89,1,1,56.9,.i,0,2
.i,2,24,2,2,24.2,4,1,2
.i,3,40,3,1,25.2,12,1,1
.i,2,28,1,1,13.6,.i,1,1
.i,3,18,2,1,.i,.i,1,2
.i,3,33,1,1,27,16,5,1
2,1,42,1,1,31,25,5,1
.i,2,35,3,0,14,13,3,1
2,1,30,1,1,43.8,.i,3,2
2,1,56,3,1,67.7,.a,4,1
.n,1,40,1,4,92.2,.a,3,2
4,1,60,1,4,84.5,18,3,2
.i,2,40,1,1,.i,.i,1,2
1,1,35,1,4,77.40000000000001,24,0,1
1,1,66,2,1,37.6,1,2,1
1,1,58,2,1,31.6,.i,0,2
1,1,49,2,1,39.2,19,5,1
1,1,59,2,3,46,4,.n,1
1,1,30,2,1,19.6,5,0,2
1,1,63,2,1,37.6,.i,0,1
1,1,73,2,0,24.6,.i,0,1
1,1,56,2,0,26.1,.i,1,2
.i,2,26,2,1,10.6,5,5,1
.n,1,26,2,1,37.8,17,0,2
.i,2,20,1,1,23.8,.i,3,1
4,1,51,1,1,29.5,16,4,2
.d,1,39,1,1,24,8,2,1
1,1,58,1,1,78.3,19,1,2
2,1,86,1,1,38.3,.i,6,2
1,1,57,1,1,54.6,21,1,2
1,1,47,1,3,39.7,25,0,1
2,1,53,1,4,25,23,6,1
2,1,37,1,3,62,22,5,1
2,1,25,1,3,.i,.i,5,2
.i,2,54,3,0,24.6,17,2,1
1,1,64,1,0,20.7,.i,0,1
1,1,37,2,2,26.1,.i,0,2
2,1,63,1,1,81.59999999999999,.i,6,1
.i,2,22,1,1,14,2,3,1
1,1,30,2,2,39.7,11,2,2
2,1,69,1,1,48.3,.i,4,1
1,1,25,2,1,22.9,13,0,1
.i,2,56,1,1,20.8,10,1,2
1,1,25,2,1,49.4,.i,2,1
1,1,55,1,1,52,17,0,2
.i,2,27,1,1,23.3,6,3,1
2,1,73,1,1,81.59999999999999,.i,5,1
.i,2,53,1,1,33.2,.i,0,2
2,1,25,1,2,24.2,.i,5,2
.i,2,71,1,0,19.6,.i,6,2
.i,2,52,1,0,20.7,9,4,2
1,1,36,1,2,67.7,19,2,2
.i,2,22,1,1,.i,.i,3,2
.i,2,31,1,1,43,15,3,2
1,1,62,1,1,25.1,.i,3,1
1,1,58,1,3,38.3,18,0,1
.i,2,25,1,1,34.7,.i,3,1
1,1,23,2,1,21.6,13,0,2
.i,3,20,3,0,19.7,.i,3,1
1,1,.n,1,4,76.3,.a,2,1
.i,3,19,2,2,24.2,15,7,2
1,1,73,1,1,61.4,.i,2,2
1,1,40,1,3,52,23,1,2
1,1,73,1,3,25.7,.i,0,2
1,1,44,1,1,30,15,2,2
.i,2,54,1,2,56.9,21,2,1
4,1,89,1,1,65.3,.i,4,1
2,1,68,1,4,92,25,7,1
2,1,67,1,3,38.9,16,4,2
1,1,61,3,4,60.2,21,1,2
.i,3,39,3,2,71.8,13,1,2
1,1,39,1,3,38.8,.i,0,2
1,1,35,1,4,57.4,.i,0,2
.i,2,56,1,2,38.3,19,1,2
.i,2,52,1,1,24,2,4,1
1,1,28,1,2,71.7,5,2,2
.i,2,50,1,0,25,.i,3,1
1,1,76,1,0,26.9,.i,2,2
1,1,89,1,3,89.3,.i,1,1
.i,2,29,1,1,28.7,2,2,1
1,1,62,1,0,.i,.i,2,2
.i,2,56,1,1,37.2,.a,0,2
1,1,59,2,1,31.6,.i,0,2
.i,.d,34,3,2,54.6,16,1,2
1,1,29,1,3,37.9,13,2,2
1,1,34,1,3,60.1,19,3,2
1,1,60,1,4,62.9,17,0,2
1,1,29,1,4,26.9,15,0,2
.i,2,31,1,2,35.4,11,1,1
1,1,73,1,1,.i,.a,0,1
1,1,58,1,1,39.7,18,1,1
.i,2,42,1,1,43,18,3,2
.i,2,35,1,3,83.8,19,4,1
1,1,51,3,1,13.6,.i,0,2
1,1,54,3,0,21.8,.i,3,2
1,1,53,1,1,45.4,17,3,1
2,1,52,1,4,82.5,20,4,1
2,1,41,1,1,52.6,22,5,2
2,1,42,1,3,43,23,6,1
3,1,58,1,1,35.8,15,5,1
2,1,38,3,0,69.3,.i,3,2
2,1,40,1,3,80.90000000000001,17,4,2
2,1,31,1,1,53.6,18,7,1
1,1,56,2,1,46.5,19,3,2
1,1,34,1,4,82.5,18,3,1
.i,2,58,1,0,24.6,11,3,2
.i,2,23,1,1,41.1,4,2,2
1,1,51,1,4,57.5,.i,1,2
2,1,53,1,1,61.4,14,7,2
1,1,68,1,0,50.4,.i,0,1
.i,2,71,1,0,24.2,.i,1,2
.i,2,22,2,2,61.2,10,1,2
.i,2,71,1,0,21.6,.i,3,2
2,1,30,1,3,38.8,20,6,2
1,1,60,1,1,39.7,13,1,2
2,1,28,1,1,56.9,18,5,2
2,1,60,1,4,89.90000000000001,22,5,1
2,1,37,1,1,30.3,15,5,1
.i,2,52,2,1,36.2,9,1,1
.i,2,25,1,3,77.40000000000001,19,4,1
.i,3,19,1,1,.i,.a,7,1
2,1,38,1,3,37.2,13,5,2
2,1,41,1,3,87.90000000000001,19,5,2
1,1,43,2,3,52.4,19,1,2
.i,2,34,1,1,20.8,13,5,1
1,1,39,2,1,49.4,18,0,1
.i,2,26,1,1,39.7,13,3,2
2,1,27,1,3,52.6,9,4,2
1,1,34,1,1,28.7,12,3,2
.i,2,34,2,1,20.1,17,3,1
.i,2,38,1,3,52,.i,1,2
2,1,59,1,1,37.2,17,6,2
.i,2,28,3,1,37.6,.i,3,1
.i,2,32,3,1,42.9,18,3,2
.i,.d,24,3,1,.i,.i,3,1
.i,.d,65,3,1,12.6,13,1,2
.i,2,27,3,0,20.7,.i,1,1
1,1,51,3,3,46.6,.i,0,2
.i,2,44,3,0,24.1,3,3,2
1,1,44,3,1,19.7,5,1,1
.i,3,22,2,0,43.9,1,3,1
1,1,25,2,0,12.6,.i,2,2
1,1,38,2,2,60.2,11,0,1
1,1,58,2,1,24.2,16,0,2
2,1,38,1,4,92.8,22,5,2
2,1,53,1,3,87.90000000000001,22,6,1
2,1,42,1,1,80.7,18,6,2
2,1,55,1,3,87.3,20,6,1
.i,2,51,1,3,69.3,21,6,1
1,1,60,1,1,86.5,14,4,1
2,1,54,3,0,50.7,.i,6,2
.i,3,38,1,3,12.6,.i,0,2
2,1,79,1,1,84.2,.i,3,2
2,1,39,1,1,49.4,.i,5,1
1,1,38,1,3,52,16,1,2
1,1,59,1,1,39.9,.i,0,1
1,1,56,1,1,32,21,1,1
.i,2,37,1,1,57.4,17,5,1
2,1,60,1,1,35.8,17,4,2
1,1,32,1,3,83.8,20,3,1
1,1,63,1,1,28.7,.i,1,1
.i,2,53,1,1,65.09999999999999,20,5,1
.i,2,27,1,0,.i,.i,3,2
.i,3,62,1,1,12.6,.i,3,2
1,1,22,1,1,.i,.i,1,2
1,1,24,1,1,20.8,10,1,1
.i,2,23,3,1,.i,.a,1,1
.i,2,51,1,3,67.7,.a,3,2
.i,2,42,3,1,52.1,18,3,1
.i,2,31,1,1,59.4,17,3,1
1,1,78,1,0,13.6,.i,5,2
3,1,36,1,4,81.90000000000001,23,3,2
1,1,64,1,3,38.8,.i,2,1
2,1,76,1,4,80.90000000000001,.i,4,2
.i,2,41,1,2,53.2,22,4,1
1,1,71,1,4,80.90000000000001,.i,1,2
2,1,67,1,3,38.8,.i,6,2
1,1,40,1,4,72.59999999999999,22,1,1
2,1,44,1,1,38.3,.i,5,2
.i,3,43,3,1,43,18,5,1
2,1,59,1,2,46.6,16,3,2
1,1,40,1,1,12.6,16,2,2
1,1,53,1,3,44.6,20,0,1
.i,2,25,1,1,32,.i,1,1
2,1,60,1,3,71.59999999999999,19,5,1
2,1,29,1,1,52,18,6,2
.i,2,30,1,2,39.7,14,0,1
2,1,59,1,1,39.9,1,3,1
.i,2,40,3,1,31.2,11,3,1
1,1,29,1,3,49.6,19,2,1
1,1,70,1,3,73.90000000000001,.i,2,2
.i,2,27,1,0,68.59999999999999,.i,2,2
2,1,78,1,3,84.2,.i,5,2
1,1,48,1,4,78.3,14,5,2
2,1,64,1,3,60.1,7,4,1
2,1,49,1,3,83.8,25,5,2
.n,1,83,1,1,26.5,.i,3,2
1,1,62,1,1,76.3,16,2,2
1,1,42,1,3,76.3,23,2,1
.i,3,84,1,4,81.90000000000001,.i,2,1
.i,3,18,1,1,.i,.i,4,1
1,1,77,1,3,86.8,.i,3,1
.i,3,54,1,1,37.8,6,3,1
2,1,62,1,1,83.8,25,4,1
1,1,56,1,2,59.1,15,2,2
.i,3,50,1,1,59.1,20,2,2
1,1,23,1,3,23.8,3,2,2
2,1,66,1,3,83.40000000000001,22,7,2
1,1,67,1,4,91.09999999999999,.a,7,1
2,1,49,1,1,24,22,6,1
4,1,85,1,0,46,.i,0,1
2,1,68,1,1,37.6,17,7,2
.i,2,63,1,0,28.3,19,2,1
2,1,39,1,3,24.2,5,6,2
.i,2,89,1,1,76.3,.i,5,2
2,1,55,1,3,59.1,21,5,1
.i,2,72,1,2,35.3,.i,4,1
1,1,42,1,1,52,19,2,1
.i,2,89,1,1,38.8,.i,3,2
.i,2,45,1,0,24.8,.i,3,2
1,1,84,1,1,69.3,.i,0,2
2,1,75,1,1,43,4,4,2
1,1,75,2,0,40.4,.i,1,1
.d,1,53,1,1,57.8,15,5,2
.i,2,56,1,2,13.6,10,4,2
.i,2,35,1,1,24.1,19,7,1
1,1,23,2,1,24.2,13,1,2
.i,2,21,1,1,28.3,5,4,1
1,1,22,2,1,34.8,3,5,2
1,1,29,2,1,64.5,15,0,1
.n,1,58,2,1,20.7,10,3,1
1,1,56,1,1,25.2,14,3,1
2,1,33,1,3,38.8,13,3,2
.i,2,72,1,0,43.9,.i,3,2
1,1,66,1,1,38.8,.i,0,2
.i,2,36,1,1,52,14,1,1
.i,2,29,1,1,68.59999999999999,.i,4,2
2,1,25,1,1,14,9,4,1
.i,2,53,3,0,43.9,15,4,1
.i,2,59,1,2,81,.i,2,2
2,1,44,1,1,42.8,21,4,1
1,1,40,2,1,23.3,.a,0,1
1,1,51,2,1,37.6,19,0,2
1,1,66,2,4,69.40000000000001,25,0,2
1,1,40,2,1,19.6,15,0,2
.i,2,41,2,1,37.6,.i,0,2
.i,2,50,1,1,25.7,18,3,2
1,1,50,1,1,71.8,18,0,2
3,1,62,1,1,35.8,.i,3,2
1,1,73,1,1,52.4,.i,0,1
.i,2,41,1,1,24.2,17,0,1
1,1,39,1,1,23.3,13,3,2
.i,2,29,1,0,.i,.a,2,2
2,1,59,1,1,57.5,.i,0,2
2,1,55,1,1,38.3,18,3,1
.i,3,34,3,0,12.6,.a,1,2
.i,3,47,1,4,81.90000000000001,20,3,1
1,1,60,2,4,85.2,25,0,1
.i,2,67,1,1,65.3,.i,5,2
1,1,57,3,3,25.7,2,2,2
.i,2,48,1,4,62.9,20,1,2
1,1,30,1,4,68.59999999999999,20,4,2
1,1,60,1,1,25.2,.i,0,1
3,1,58,1,1,86,17,7,2
2,1,63,1,1,60.3,.i,7,2
1,1,57,1,1,25,9,0,2
1,1,66,1,1,26.1,10,1,2
2,1,87,1,0,14,.i,6,1
2,1,55,1,2,69.3,19,7,2
2,1,54,1,1,75.5,13,6,2
1,1,63,3,1,50.4,.i,5,1
1,1,26,2,1,64.5,3,3,1
2,1,67,1,4,77.40000000000001,.i,6,1
2,1,81,1,1,39.7,.i,4,1
2,1,73,1,4,73.90000000000001,.i,5,1
1,1,78,1,3,80.90000000000001,.i,2,2
2,1,77,1,4,84.5,.i,4,1
.i,2,47,1,2,43,20,4,2
1,1,62,3,4,86.90000000000001,22,0,1
2,1,83,1,4,82.5,.i,4,2
.i,2,41,1,3,86.90000000000001,22,4,2
.i,3,44,1,4,84,24,2,1
2,1,54,1,3,41.1,9,5,2
2,1,57,1,3,37.6,15,7,1
.i,2,26,1,1,13.3,.a,2,1
3,1,60,1,1,44.9,16,3,1
.i,2,30,2,1,23.3,2,3,1
1,1,72,2,3,80.90000000000001,.i,0,2
1,1,68,2,0,43.5,.i,0,1
1,1,46,2,4,32,18,0,1
.i,3,59,3,0,18.6,9,3,1
1,1,77,2,1,26.1,.i,0,2
.i,3,59,2,1,24.2,10,0,2
.n,1,47,2,1,23.8,.a,.n,2
1,1,51,2,1,35.8,24,1,2
.i,2,42,1,2,37.8,19,2,2
2,1,75,1,4,91.09999999999999,.i,6,1
2,1,66,2,1,23.7,.i,6,1
1,1,25,1,3,62.9,2,7,2
.i,2,34,3,0,.i,.i,3,2
.i,2,25,1,2,63.7,15,0,2
.i,3,78,2,1,64.5,.i,0,2
.i,2,21,1,2,22.1,6,5,1
1,1,73,1,3,76.3,.i,0,2
.i,3,29,1,2,.i,.i,3,2
2,1,35,1,1,52,18,3,2
.i,2,31,1,1,32,.i,3,1
2,1,58,1,1,32,.i,6,1
2,1,65,1,1,77.40000000000001,.i,6,1
.i,2,62,1,1,25,15,3,1
1,1,21,1,1,.i,.i,3,1
1,1,59,2,2,57.8,18,0,2
.i,2,21,3,1,21.6,6,3,2
2,1,45,1,1,24.2,14,3,2
.i,2,52,1,3,38.8,6,5,2
2,1,76,1,0,18.6,.i,6,2
.i,2,21,2,1,.i,.i,2,1
.i,2,42,1,2,54.6,16,1,2
1,1,58,2,1,23.8,17,0,2
.i,2,42,1,3,35.8,.i,3,2
2,1,67,1,0,31.2,.i,4,1
.i,3,19,1,1,14.8,8,5,1
2,1,65,1,1,50,.i,2,1
.i,2,36,3,2,52.1,20,3,1
2,1,37,1,1,61.9,21,6,1
1,1,64,1,3,50.4,.a,0,1
2,1,33,1,1,57.8,13,5,2
1,1,30,1,3,80.90000000000001,18,4,2
2,1,50,1,1,52,20,6,2
1,1,89,1,4,80.90000000000001,.i,2,2
2,1,66,1,1,73.90000000000001,20,5,2
2,1,60,1,3,80.2,23,6,1
2,1,52,1,1,20,9,4,1
2,1,33,3,1,69.3,17,2,2
2,1,45,3,1,28.7,20,5,1
.i,2,21,3,1,39.7,3,3,2
3,1,32,1,1,51.5,12,3,2
2,1,78,1,1,30.3,.i,1,1
1,1,41,1,2,73.90000000000001,20,2,1
1,1,59,1,3,60.3,20,0,2
2,1,32,1,1,43,13,6,1
.i,2,44,1,3,45.1,22,5,1
.i,2,27,3,2,68.59999999999999,.i,2,2
.i,2,38,3,1,24.1,15,6,1
1,1,32,3,3,75.59999999999999,5,2,2
1,1,34,3,4,77.2,19,1,1
2,1,64,3,4,62.9,.i,3,1
2,1,26,1,2,24.2,.i,5,2
1,1,39,1,3,52,.i,1,2
.i,3,19,3,1,25.7,.i,4,2
.i,2,47,1,1,43,22,3,1
2,1,39,1,4,62.9,.i,5,2
.i,2,28,1,1,18.6,15,3,1
2,1,39,1,4,84.2,21,4,2
2,1,55,1,3,57.5,20,5,2
2,1,71,1,3,67.7,.a,6,1
1,1,65,2,1,38.2,.i,0,2
1,1,64,1,1,52.4,4,2,1
1,1,33,1,3,61.9,20,5,2
1,1,43,1,1,84.2,20,2,2
1,1,80,1,1,20.5,.i,1,1
1,1,70,1,2,35.1,.i,0,2
1,1,43,2,3,71.59999999999999,19,0,2
1,1,38,2,0,34.7,.i,3,2
1,1,23,1,1,21.6,8,0,2
1,1,71,1,1,43,.i,2,1
1,1,31,2,1,79.59999999999999,14,1,2
1,1,51,2,3,39.7,10,0,1
1,1,38,1,2,43,17,1,1
.i,2,49,1,1,38.3,15,5,2
1,1,50,1,1,44.6,16,1,2
2,1,39,1,3,69.3,.i,6,2
.n,1,80,3,1,59.1,9,3,2
2,1,50,1,1,48.8,20,6,1
.i,2,47,1,3,38.3,18,1,2
.i,2,49,1,1,19.6,.i,.n,2
.i,2,28,1,1,24.2,8,4,2
.i,2,89,1,1,60.4,.i,0,1
.i,2,34,1,1,24.6,16,1,2
1,1,50,2,1,21.8,.i,5,2
.i,2,33,1,1,24.2,10,3,2
2,1,39,1,3,46.6,16,3,2
1,1,56,2,3,56.9,16,2,1
2,1,48,1,4,80.90000000000001,20,6,1
1,1,55,1,1,59.1,25,2,1
.i,2,47,1,1,87.90000000000001,16,7,1
1,1,52,1,1,25,20,4,1
.i,2,22,2,1,29.5,10,4,2
2,1,66,1,4,80.90000000000001,.i,4,2
1,1,20,3,1,.i,.i,4,1
1,1,76,1,3,77.40000000000001,.i,0,1
1,1,27,2,2,38.8,15,0,2
1,1,42,2,0,32,6,0,2
2,1,48,1,0,25.2,14,1,1
1,1,53,2,1,39.2,14,0,2
1,1,37,2,3,37.6,17,0,2
2,1,87,1,1,32,.i,6,1
1,1,30,2,1,62.1,17,1,2
2,1,76,1,1,53.6,.i,7,1
1,1,30,2,2,24.2,3,0,1
2,1,38,1,0,24.6,.i,6,1
.i,2,45,1,2,20.7,10,3,2
2,1,25,1,1,27.6,16,2,1
2,1,49,1,1,12.6,12,6,2
2,1,36,1,1,37.8,11,6,2
1,1,49,1,1,31.9,18,0,1
2,1,57,1,1,43.9,.i,5,2
.i,2,26,1,1,23.3,.i,2,1
.i,2,20,1,0,22.4,2,0,2
2,1,42,1,2,24.6,13,6,2
.i,2,35,1,1,69.3,20,3,1
.i,2,63,1,1,38.8,.i,3,1
.i,2,51,1,1,36.2,12,2,1
2,1,50,1,2,28.7,.i,3,1
.i,2,51,1,0,25,.i,3,2
1,1,67,1,1,46.6,1,1,2
.i,2,29,1,3,84.2,15,3,1
1,1,30,1,3,82.5,18,2,1
.i,2,27,1,1,31.2,.i,4,1
1,1,66,1,1,23.3,1,2,1
.i,3,19,1,0,21.6,1,3,2
.i,2,67,1,0,20.8,.i,2,2
.n,1,55,1,1,43,.i,6,2
2,1,31,1,3,38.8,17,4,2
1,1,39,2,1,25.7,.i,2,2
1,1,31,2,1,24.2,1,2,2
1,1,45,2,1,14,.i,0,1
1,1,51,2,1,21.5,2,0,1
.i,2,72,2,0,.i,.i,3,2
.n,1,41,1,1,24.2,.a,3,2
1,1,52,1,1,62,20,1,1
1,1,52,2,3,26.1,12,1,2
1,1,43,1,1,34.8,10,3,2
.i,2,25,1,1,71.59999999999999,.i,4,2
.i,2,39,1,2,21.6,12,1,2
1,1,25,1,1,26.9,15,3,2
2,1,29,1,3,69.3,21,5,1
1,1,73,1,1,38.8,.i,3,2
.i,3,22,3,1,37.6,.i,3,2
1,1,60,1,1,37.6,16,0,1
.i,2,26,1,4,.i,.i,3,2
.i,2,26,1,1,19.2,2,3,1
1,1,56,3,1,35.8,11,2,2
.i,2,43,1,0,62.9,.a,0,2
.i,2,56,1,1,65.3,22,3,2
.i,2,70,3,0,13.2,.i,1,2
.i,2,67,1,0,25.2,.i,2,1
.i,2,33,1,0,19.6,10,3,2
.i,2,36,1,1,20.7,.i,3,2
1,1,43,1,1,55.3,19,3,1
.i,2,32,1,1,18.6,11,3,1
.i,2,36,1,1,59.1,21,3,1
1,1,63,1,1,39.9,25,0,1
1,1,49,1,1,.i,.i,1,2
3,1,22,1,3,57.3,.i,3,1
2,1,64,1,1,23.7,18,5,2
.i,2,56,2,0,12.6,.a,3,2
3,1,53,1,3,39.7,.a,7,1
1,1,43,1,3,80.7,20,5,2
1,1,61,2,0,30.9,13,0,2
1,1,50,1,4,84.5,20,2,1
3,1,44,2,1,43.9,19,0,1
1,1,21,2,1,21.8,.i,3,2
1,1,53,1,4,62.6,21,0,1
.i,2,76,1,1,13.3,.i,0,2
1,1,62,2,4,67.8,17,1,2
1,1,60,2,1,20.9,16,0,1
2,1,29,1,4,92.09999999999999,25,6,1
.i,2,62,1,0,23.3,15,3,1
.i,2,43,1,1,23.8,13,3,2
.i,2,68,1,1,65.09999999999999,.i,1,1
2,1,50,1,1,12.6,6,6,2
.i,2,35,3,0,43.9,11,3,2
.i,3,45,1,1,38.8,.i,2,1
1,1,57,1,1,20.7,16,0,1
.i,2,26,1,1,21.8,10,2,1
1,1,64,1,1,38.8,.i,0,2
2,1,62,1,3,62.9,10,5,2
.i,2,55,1,0,28.3,15,2,1
.i,2,50,1,0,25.2,16,0,1
.i,2,50,1,2,19.6,9,3,2
2,1,73,1,1,42.7,.i,4,1
1,1,61,1,1,32,.i,0,1
.i,2,21,1,1,25.7,3,3,2
2,1,76,1,1,89.3,.i,5,1
1,1,79,1,1,70.40000000000001,.i,1,2
1,1,32,2,1,33.4,.i,0,2
.i,2,53,2,4,24.2,15,1,2
1,1,53,1,1,71.7,12,2,2
1,1,54,2,1,37.6,16,0,2
1,1,62,2,0,24.2,15,1,2
2,1,.n,1,1,32,.i,6,1
.i,2,51,2,1,52,19,0,1
1,1,32,2,3,85.2,14,1,2
1,1,22,1,1,59.1,9,0,2
2,1,47,1,1,65.09999999999999,21,4,1
2,1,67,1,1,39.9,18,5,1
.i,2,20,1,1,21.6,4,5,2
1,1,45,1,3,36.2,21,2,1
.i,2,37,1,1,43,12,0,1
.i,2,57,1,1,62.9,19,2,1
.i,2,25,1,1,39.7,.i,1,1
.i,2,29,2,1,23.8,.i,1,2
.i,2,44,3,0,.i,.i,1,2
.i,2,21,1,0,12.6,.i,3,2
1,1,49,1,1,18.6,13,0,1
3,1,51,1,1,32.6,17,3,2
1,1,66,1,1,39.7,.i,2,2
.i,2,37,3,1,17,10,3,2
1,1,46,2,0,31.2,.i,3,1
.i,2,50,1,1,38.3,12,.n,2
1,1,40,1,1,80.7,23,1,2
.i,2,26,3,1,12.6,13,3,2
2,1,83,1,1,69.3,.i,3,2
1,1,78,1,4,71.7,.i,3,1
1,1,50,1,0,23,.i,1,1
.i,2,31,1,1,38.8,.i,3,2
.i,2,63,3,3,57.8,4,2,1
2,1,75,1,1,.i,.a,4,1
.i,2,34,3,0,20.7,.i,1,2
2,1,73,1,1,52,.i,6,2
2,1,52,1,4,77.40000000000001,22,5,1
1,1,79,1,1,45.4,.i,0,1
1,1,55,1,3,39.7,16,1,2
1,1,24,1,4,59.1,3,0,2
2,1,71,1,3,68,.a,4,1
2,1,43,1,3,68,21,6,1
2,1,53,1,3,68.59999999999999,23,5,1
1,1,81,1,3,76.5,.i,0,1
.d,1,89,1,0,38.3,.i,0,2
2,1,34,1,1,67.7,16,5,2
1,1,31,3,4,84.5,.i,0,2
2,1,20,1,1,80.7,3,4,1
1,1,36,1,4,76.3,20,1,2
1,1,33,1,1,63.7,1,2,2
1,1,29,1,3,82.40000000000001,18,1,1
1,1,47,1,4,77.2,18,1,2
.i,2,26,3,3,87.90000000000001,19,3,1
1,1,50,1,2,65.3,20,2,1
1,1,47,1,3,80.90000000000001,16,1,2
2,1,47,1,3,29.6,.i,6,1
2,1,35,1,2,35.8,17,5,2
1,1,58,1,3,84.2,19,2,2
2,1,51,1,3,76.3,22,6,2
.n,1,.n,1,4,.i,.a,3,1
2,1,62,1,1,31.6,9,5,1
1,1,61,1,3,66.2,.i,2,2
2,1,40,1,4,92.8,25,6,1
1,1,61,2,1,38.8,.i,1,2
1,1,76,1,1,20.7,2,1,1
1,1,63,1,4,87.90000000000001,21,0,1
1,1,62,1,3,39.7,5,0,2
1,1,47,1,3,68,19,4,2
2,1,32,1,4,65.3,21,5,1
.i,3,60,3,0,13.2,.i,4,2
.i,2,23,1,1,20.5,.i,5,1
.i,2,36,1,1,62,19,4,1
.i,2,22,1,1,43.9,1,2,1
.i,3,20,1,1,29.6,.i,5,1
3,1,23,1,1,36.8,.i,7,2
.i,2,41,3,1,39.9,16,1,1
1,1,29,1,1,22.4,10,7,1
1,1,32,1,3,51.5,12,2,2
1,1,37,1,4,59.1,9,0,2
2,1,54,1,1,31.2,.i,1,1
3,1,29,1,1,27,2,3,1
.i,2,43,1,2,63.7,8,3,2
2,1,76,1,3,80.90000000000001,.i,5,2
1,1,41,1,1,43,23,2,2
2,1,53,1,3,80.90000000000001,19,3,2
2,1,31,1,3,87.90000000000001,21,4,1
2,1,35,1,1,45.1,17,5,2
.i,2,36,1,1,39.9,19,6,1
2,1,42,1,3,63.7,.i,5,2
1,1,60,1,3,67.7,21,0,2
2,1,78,1,1,69.3,.i,4,1
2,1,72,1,1,13.2,.i,6,2
2,1,41,1,1,52,17,5,2
.i,2,49,1,1,32,18,6,1
.i,2,26,1,0,24.2,.i,0,2
2,1,61,1,3,38.8,16,4,2
2,1,33,1,1,55.1,16,6,2
.i,2,89,1,1,45.3,.i,0,2
1,1,34,1,3,38.8,13,2,2
2,1,65,1,1,18.6,10,6,1
.i,2,37,1,0,53.9,16,3,2
.i,2,44,1,0,53.1,18,3,1
.i,3,29,1,1,43.9,.i,2,2
1,1,74,2,1,28.5,.i,0,1
1,1,49,1,1,32,17,0,1
.i,3,38,3,0,25.2,10,3,1
1,1,53,1,1,24.6,11,0,2
2,1,69,1,1,34.6,.i,2,1
.i,3,19,1,0,.i,.i,4,2
1,1,78,1,1,35.8,.i,1,2
1,1,55,1,4,73.90000000000001,.i,0,2
.i,2,43,1,1,21.6,.i,2,2
.i,2,34,1,3,45.3,13,2,2
2,1,44,1,3,61.4,8,4,1
2,1,35,1,3,37.6,19,7,2
1,1,75,1,1,39.7,9,3,2
2,1,47,1,1,36.2,6,3,1
2,1,40,1,1,24.2,11,6,2
.i,2,58,1,0,24,16,2,1
1,1,53,1,4,69.3,.i,1,1
.i,3,19,1,1,39.7,2,3,2
1,1,53,1,1,12.6,.a,1,2
2,1,33,1,3,67.8,18,4,2
1,1,57,1,1,46.2,21,4,1
1,1,26,1,2,43,11,1,1
.i,2,39,1,1,38.3,21,.n,1
1,1,52,1,0,20.7,16,4,1
2,1,56,1,1,38.8,.i,1,2
1,1,55,1,0,35.8,.i,2,2
1,1,50,1,1,25.7,.i,0,1
1,1,53,1,2,23.7,.i,0,1
2,1,45,1,4,45.3,12,2,1
2,1,67,1,2,57.8,21,1,1
.i,2,71,1,0,13.6,16,3,2
1,1,44,2,1,36.9,18,1,2
2,1,37,1,4,62.4,20,4,1
1,1,27,1,1,39.7,17,1,1
1,1,58,1,4,71.8,22,0,1
1,1,66,1,4,88.7,20,0,1
2,1,61,1,2,80.7,21,4,1
1,1,60,1,1,43.9,.i,2,2
3,1,25,1,1,25.1,.i,4,1
1,1,56,1,1,14,.i,2,1
.i,2,57,1,1,32,17,.n,1
1,1,42,1,4,56.8,9,0,2
2,1,64,1,4,80.90000000000001,20,4,2
1,1,65,1,2,38.8,.i,1,2
.i,2,63,1,1,31.2,.i,3,1
.i,2,46,1,1,24,.i,3,2
1,1,33,1,3,37.6,17,1,1
1,1,32,1,3,73.40000000000001,16,2,1
.i,2,60,1,2,45.3,18,1,2
.i,2,55,1,1,43.8,.i,4,2
1,1,33,1,3,37.6,.i,2,1
.i,2,46,1,1,23.3,4,5,1
.i,2,25,3,0,13.6,10,3,1
.i,2,37,1,2,84.2,16,.n,1
1,1,36,1,3,84.5,17,0,1
1,1,39,1,4,88.7,18,0,1
.i,3,27,3,4,.i,.i,1,1
.i,2,29,2,2,39.7,.i,3,2
1,1,25,1,3,80.90000000000001,11,0,2
.i,2,28,1,1,25,2,3,2
1,1,78,1,4,57.5,.i,3,1
.i,2,39,1,1,24.1,.i,5,2
2,1,33,1,3,63.7,16,6,2
1,1,67,1,1,61.5,.i,1,2
1,1,71,3,1,56.9,19,0,2
1,1,58,1,3,52,18,0,2
.i,2,34,3,3,55.1,14,0,2
1,1,59,1,4,43,22,1,1
1,1,70,1,4,.i,.i,1,2
.i,2,67,3,1,26.1,.i,2,2
2,1,50,1,1,14,.i,6,1
2,1,67,1,3,69.3,.i,0,2
.i,2,35,1,1,81.59999999999999,.i,3,2
.i,2,37,1,1,43,15,3,2
.i,2,67,3,1,37.1,.i,2,2
1,1,73,3,1,68.59999999999999,.i,1,2
1,1,27,1,1,35.2,16,5,1
1,1,78,1,0,20.7,.i,0,1
.i,3,20,2,1,22.1,2,2,1
2,1,34,1,1,46.6,14,1,2
.i,2,80,1,0,18.8,.i,1,2
.i,2,56,1,0,42.9,.i,1,2
.i,2,67,1,0,26.2,.i,3,1
.i,2,22,1,0,19.6,13,3,2
1,1,23,2,1,21.6,7,.n,2
.i,2,31,1,0,32,18,3,1
1,1,70,1,1,38.8,.i,1,2
1,1,55,1,3,84.2,.i,1,2
.i,2,32,1,4,84.5,15,7,1
.i,2,56,1,4,73.2,19,3,2
2,1,34,1,3,57.8,.a,6,1
1,1,45,1,4,82.5,.a,1,1
1,1,60,1,1,35.4,.a,3,1
1,1,39,1,1,37.7,18,1,1
2,1,80,1,1,53.8,.i,5,1
1,1,28,1,2,62.7,16,2,1
1,1,41,1,4,82.5,18,3,2
.i,2,30,1,1,25.2,9,3,1
1,1,79,1,0,39.7,.i,1,2
.d,1,43,1,2,69.3,17,1,2
.i,2,46,3,1,14.4,12,3,1
.i,2,51,2,1,23.8,13,0,2
.i,2,59,3,0,43.9,.i,4,2
.i,2,39,1,1,24.6,.i,7,1
1,1,51,1,3,62.9,.i,0,2
2,1,66,1,1,38.8,10,5,2
.i,2,32,3,3,92.8,19,4,1
2,1,55,1,1,31.2,19,5,1
1,1,62,1,3,68,23,1,1
.i,3,19,1,0,.i,.i,5,1
.i,2,75,1,0,42.8,.i,1,1
.i,3,19,1,1,13.6,.i,1,2
2,1,50,1,1,41,12,5,2
2,1,37,1,3,88,.a,6,2
2,1,43,1,1,36.2,19,5,1
.i,2,26,1,3,14,9,7,1
.i,3,19,1,1,19.6,4,4,2
.i,2,43,1,1,12.6,.i,7,2
.i,2,74,1,1,38.8,.i,3,2
.i,2,60,1,1,45.3,19,1,1
2,1,49,1,3,52.4,20,4,1
1,1,41,1,1,39.7,.i,0,2
2,1,39,1,1,39.7,20,3,1
2,1,59,1,1,39.7,.i,5,2
2,1,77,1,1,50,.i,5,1
1,1,33,2,0,14,.i,0,2
1,1,51,1,1,34.1,4,0,1
.i,2,73,1,1,38.1,.i,4,1
1,1,34,1,1,18.6,.i,1,1
.i,2,37,1,3,14,8,3,2
.i,2,59,1,0,28.7,14,4,1
2,1,55,2,1,45.1,19,0,1
2,1,72,1,2,59.8,.i,7,2
1,1,50,1,4,88.7,18,0,2
2,1,60,1,2,69.3,16,5,2
.i,2,41,1,0,31.2,4,3,1
2,1,73,1,0,13.3,10,6,1
2,1,45,1,4,76.3,19,5,2
2,1,53,1,1,38.8,16,0,1
.i,2,33,1,1,43,3,0,2
.i,2,57,1,0,25.2,.i,3,1
2,1,66,1,1,31.6,9,6,1
2,1,46,1,1,26.2,18,4,2
1,1,52,1,1,14.6,5,2,2
1,1,60,1,4,82.5,20,1,2
1,1,27,1,1,24.6,11,1,2
.i,3,68,1,0,20.7,.i,6,2
.n,1,62,1,1,64.2,.i,4,1
.n,1,65,1,1,52.5,20,4,1
2,1,68,1,1,32,.i,5,1
2,1,41,1,3,81.59999999999999,20,5,1
1,1,63,1,1,39.7,3,0,2
.i,2,33,1,3,38.8,16,3,2
.i,2,21,2,1,23.8,5,1,1
.i,2,83,1,1,51.6,.i,4,2
2,1,47,1,3,82.5,16,5,2
.i,2,36,2,0,12.6,11,3,2
.i,2,67,1,1,.i,.i,3,1
1,1,81,1,3,38.8,.i,1,2
1,1,26,1,1,25.2,1,4,1
.i,2,49,1,1,13.6,.i,4,2
2,1,20,1,1,21.6,6,5,2
2,1,24,1,1,14.8,.i,4,1
2,1,55,1,1,63.7,.a,5,2
.i,2,28,1,1,13.6,12,5,1
2,1,78,1,1,56.9,.i,4,2
1,1,83,1,3,71.40000000000001,14,0,2
.i,.d,37,1,3,73.59999999999999,16,7,1
.i,2,.n,1,1,.i,.i,3,2
.n,1,22,1,3,14.6,5,3,1
1,1,55,1,3,21.8,.i,0,2
.i,3,30,2,4,86.8,15,3,1
.i,3,46,3,1,13.3,3,5,2
.n,1,45,1,3,62.4,.a,3,1
.i,2,57,1,1,37.2,15,3,2
2,1,63,1,1,38.2,.i,3,1
.i,2,59,1,1,20.7,.i,2,1
.i,2,27,1,0,21.6,.a,4,2
1,1,64,2,1,20.9,.i,0,2
.i,2,31,1,1,30.1,14,5,1
2,1,40,1,4,52.5,22,6,1
1,1,36,1,4,82.5,16,1,2
1,1,51,1,1,56.9,19,3,1
.i,2,46,1,1,17.1,.i,4,2
1,1,57,1,1,23.3,18,0,1
.d,1,35,1,3,82.5,17,1,2
1,1,37,2,1,43,13,1,2
2,1,62,1,1,28.7,9,3,1
.i,2,89,1,0,.i,.i,1,2
1,1,21,3,1,22.4,8,0,1
.n,1,66,1,1,36.4,.i,6,1
2,1,52,1,1,13.6,17,4,1
1,1,65,2,1,9,.i,0,2
1,1,49,2,1,25.2,5,0,1
1,1,57,1,2,38.8,17,0,2
2,1,54,1,2,77.90000000000001,22,4,1
2,1,37,1,4,92.8,24,5,1
1,1,39,2,1,24.2,9,0,1
2,1,58,1,2,38.3,.a,6,2
2,1,86,1,1,25.2,.i,5,1
2,1,77,1,1,38.8,.i,4,2
.i,2,49,1,1,24.2,11,3,2
2,1,67,1,1,52,19,4,2
.i,2,58,1,1,46,.i,5,1
.n,1,60,1,1,26.1,.a,1,2
1,1,56,2,1,13.3,.i,0,2
.i,2,44,1,1,25.2,13,3,1
1,1,71,2,1,43.9,.i,0,1
2,1,86,1,3,70.3,.i,6,1
2,1,32,1,2,50.4,19,5,1
1,1,61,2,0,12.6,.i,1,2
.i,3,19,2,0,.i,.i,3,2
.n,1,38,2,1,38.8,.a,3,2
.i,2,25,2,1,14,2,3,2
2,3,19,1,1,.i,.a,6,1
1,1,69,2,0,31.3,.i,0,1
1,1,57,1,1,14,.a,0,2
.i,2,45,1,1,21.6,6,3,2
.i,2,66,2,0,52.5,.i,0,1
1,1,37,2,3,28.5,.i,0,2
1,1,52,2,1,33.2,1,0,2
1,1,45,2,0,31,16,0,1
1,1,55,2,1,24.2,.i,0,2
1,1,30,2,1,.i,.i,0,2
.i,2,41,1,0,52,14,2,1
2,1,56,1,2,56.9,.i,6,2
2,1,61,1,1,69.3,18,6,2
2,1,36,1,2,46.6,19,5,2
1,1,50,1,4,84.5,20,1,1
1,1,59,1,3,67.7,20,2,2
1,1,78,1,1,24.2,.i,2,2
.i,2,28,1,0,39.1,.i,5,1
2,1,65,1,1,38.3,10,1,2
2,1,52,1,1,65.3,18,4,1
1,1,68,1,3,80.90000000000001,.i,0,2
2,1,70,1,1,76.3,.i,6,1
2,1,66,1,3,54.3,.i,4,2
2,1,84,1,1,43,.i,4,1
1,1,59,2,1,67.7,21,2,2
1,1,20,1,1,27.6,1,3,2
1,1,31,2,2,68.59999999999999,.i,3,2
2,1,43,2,4,32,25,6,1
.i,2,33,2,1,38.1,.i,1,1
2,1,37,1,4,88.3,19,3,2
.i,2,81,2,0,30.9,.i,3,2
.i,2,70,1,0,43.9,.i,0,2
.i,2,30,2,1,14.6,8,1,1
.i,2,74,2,0,20.7,.i,3,1
.i,2,65,1,0,26.9,.i,1,2
.i,2,25,1,3,.i,.i,5,1
2,1,52,1,1,21.8,15,2,2
3,1,56,1,1,34.1,.i,3,1
.i,2,84,1,0,26.8,.i,6,2
.i,2,50,1,1,23.3,5,4,1
.i,2,36,1,1,.i,.i,1,2
.i,2,25,1,1,39.1,16,6,1
1,1,73,2,0,36.8,9,0,2
.i,2,22,1,1,19.6,7,3,2
.i,3,37,3,3,41.1,.i,3,2
1,1,46,2,1,36.9,13,2,2
1,1,37,2,1,24.2,8,0,2
.i,2,44,1,1,21.8,5,0,2
.i,2,46,1,0,43,.i,3,2
.i,2,22,1,0,.i,.i,3,1
.i,2,.n,1,1,41.1,.a,5,2
2,1,33,1,1,38.8,12,4,2
.i,2,30,2,3,33.4,17,2,2
2,1,41,1,2,38.3,17,6,2
2,1,56,1,1,63.7,14,6,2
2,1,88,1,1,87.3,.i,6,2
2,1,72,1,1,38.1,16,4,1
2,1,54,1,1,53.6,19,6,1
1,1,49,1,2,38.8,.i,0,2
.n,1,48,2,1,38.8,.i,3,2
.i,2,50,1,0,34.6,17,3,1
2,1,72,1,0,32.8,.i,2,2
2,1,58,1,1,31.6,10,4,1
1,1,46,2,1,39.7,9,2,2
1,1,32,2,1,37.2,4,2,2
.i,2,25,3,0,14,.i,3,2
.i,3,58,1,1,45.4,20,6,1
2,1,60,1,4,67.8,20,6,2
1,1,41,2,1,24.2,16,0,2
1,1,29,2,1,39.1,16,1,2
3,1,32,1,1,76.3,17,3,2
.i,2,54,2,1,59.8,19,3,2
2,1,72,1,3,28.6,.i,5,2
1,1,52,1,4,92.8,24,2,2
2,1,71,1,3,67.7,.i,5,1
1,1,25,2,0,.i,.i,3,2
2,1,79,1,3,41.1,.i,5,2
2,1,76,1,3,81.5,.i,3,1
.i,3,53,1,0,25.7,.i,1,2
1,1,56,1,1,24.6,14,1,1
1,1,26,2,1,33.4,13,6,2
.i,3,20,1,1,26.5,7,2,2
.n,1,69,1,4,37.8,15,4,2
.i,2,59,1,3,77.40000000000001,22,5,1
1,1,80,1,1,21.6,.i,1,2
2,1,31,1,2,36.8,.i,5,2
.i,3,47,1,1,20.7,17,3,1
1,1,65,1,1,45.1,.i,1,1
1,1,53,2,1,38.3,16,1,2
2,1,79,1,1,52,.i,6,2
.i,2,43,1,3,37.6,.a,3,1
.i,2,87,1,0,25,.i,7,1
1,1,35,3,1,24,13,2,1
1,1,27,1,3,80.90000000000001,18,2,2
2,1,41,1,1,38.8,.a,6,2
1,1,50,1,3,23.8,.i,3,2
.i,2,29,1,1,41.1,13,5,2
1,1,47,2,1,21.4,.i,0,1
2,1,69,1,1,42.9,.i,.n,2
1,1,48,1,0,43.9,4,2,2
.i,2,74,1,0,.i,.i,3,2
.i,2,39,1,0,12.6,5,3,2
2,1,68,1,3,83.8,.i,4,1
1,1,58,1,4,85.2,.a,7,1
2,1,72,1,1,76.3,21,5,1
2,1,45,1,1,37.2,.i,6,2
1,1,47,2,1,53.8,6,4,2
1,1,21,1,1,62.1,.i,4,1
.i,2,48,2,1,23.8,.i,0,2
1,1,82,2,1,46.6,.i,0,2
1,1,52,2,1,23.3,9,0,2
.i,2,62,1,0,31,15,5,1
2,1,88,1,1,73.90000000000001,.i,5,2
.i,2,49,1,0,27.4,.i,6,2
.i,2,56,1,1,32,20,3,1
.i,2,88,1,1,39.9,.i,3,1
1,1,69,1,1,69.3,18,5,2
2,1,53,1,1,43,18,5,1
.i,2,64,1,0,35.3,20,1,1
.i,2,43,1,0,21.6,5,1,2
2,1,47,1,1,38.8,18,5,2
.i,2,56,1,1,52,18,5,2
2,1,51,1,1,20.8,20,6,1
2,1,47,1,1,39.9,18,6,1
1,1,32,1,1,70.5,15,1,2
2,1,64,1,3,74.59999999999999,25,5,1
1,1,41,2,4,80.90000000000001,19,2,2
.i,3,20,2,0,20.7,2,7,2
2,1,59,1,1,31.2,16,.n,1
1,1,43,2,3,71.7,18,1,2
1,1,22,2,3,37.2,9,0,2
1,1,39,2,4,65.3,20,7,1
1,1,30,2,1,25,19,1,2
1,1,57,2,1,24.2,15,4,2
1,1,20,2,1,19.6,.i,4,1
1,1,38,2,0,.i,.i,0,2
1,1,87,2,4,80.90000000000001,.i,0,2
1,1,58,2,1,13.6,.i,1,2
.i,2,34,2,1,21.6,3,.n,2
1,1,67,2,3,45.3,.i,0,1
1,1,60,1,0,17.1,.i,2,2
.i,2,47,1,1,20.5,.i,3,1
.i,2,22,1,1,.i,.i,1,2
2,1,52,1,4,75.5,20,6,1
.i,2,30,2,1,20.7,18,1,2
2,1,82,1,1,52.1,.i,5,1
1,1,68,2,1,21.6,.a,3,2
1,1,46,2,1,24.2,11,0,1
.i,2,22,1,1,.i,.i,2,2
.i,.d,25,2,0,19.6,4,1,2
1,1,32,2,1,10.6,1,1,1
1,1,60,1,3,59.1,25,1,1
2,1,34,1,4,91.09999999999999,21,3,1
2,1,67,1,3,82.5,.i,2,2
2,1,40,1,3,50,23,5,1
1,1,62,1,4,91.09999999999999,25,0,1
2,1,75,1,1,52,.i,4,2
2,1,30,1,1,19.6,10,0,1
.i,2,32,3,1,26.9,18,5,1
.i,2,49,1,3,63.1,.i,2,1
2,1,28,1,2,28.6,14,5,2
.i,2,43,2,2,36.9,16,2,2
.i,2,46,1,4,59.1,21,4,1
.i,2,42,2,3,38.3,18,3,2
2,1,63,3,1,67.7,13,1,1
2,1,54,1,1,20.9,.i,1,1
2,1,68,1,1,39.2,.i,6,2
2,1,76,1,1,35.8,.i,5,2
1,1,67,1,1,60.3,.i,2,2
.i,3,41,3,1,20.9,8,1,1
1,1,64,1,1,57.4,20,1,1
1,1,74,3,4,92.8,25,2,1
2,1,44,1,3,39.7,23,6,1
2,1,69,1,4,80.90000000000001,.i,6,2
2,1,51,1,3,71.59999999999999,.i,5,2
2,1,86,1,4,61.4,3,1,2
2,1,58,1,2,84.2,.i,6,2
1,1,78,1,4,52.3,.i,0,2
.i,2,58,1,1,49.6,17,4,2
2,1,41,1,2,32,.i,3,1
2,1,50,1,1,32,.i,4,1
1,1,34,1,1,38.1,4,2,2
1,1,66,1,4,65.3,23,2,1
.i,2,52,1,1,59.1,18,4,1
.i,2,52,1,1,20.7,2,1,1
2,1,56,1,4,77.2,12,5,2
.i,2,25,1,1,39.7,9,3,2
1,1,53,1,4,77.40000000000001,25,0,1
2,1,29,1,3,62,22,5,1
.i,2,26,1,1,26.9,12,2,1
2,1,60,1,1,44.6,.i,6,2
.i,2,53,1,1,24.6,.i,2,2
1,1,71,1,1,35.2,.i,1,1
1,1,80,1,1,24.6,.i,0,2
1,1,71,1,3,80.90000000000001,.i,0,2
.i,2,35,1,3,32,15,5,1
2,1,32,1,3,32,19,6,1
.i,2,31,1,2,38.8,5,3,2
2,1,81,1,0,38.1,.i,6,1
.i,2,26,1,3,84.2,19,2,2
2,1,56,1,1,39.7,19,4,2
1,1,78,1,1,46.5,.i,2,2
.i,2,45,1,1,46.6,.i,4,2
2,1,65,1,3,79.3,.i,6,1
1,1,78,1,3,67.8,18,0,2
1,1,51,2,2,46.2,16,5,1
3,1,23,1,1,23.3,3,3,1
.i,2,40,1,1,43,17,1,1
2,1,51,1,2,74.8,21,4,1
.n,1,79,3,3,86.5,.i,5,1
1,1,61,1,1,38.8,10,0,2
1,1,80,1,1,39.7,.i,0,2
1,1,67,1,1,34.4,.i,0,1
.i,2,66,1,1,84.2,.i,2,2
3,1,54,1,1,62,16,5,2
1,1,50,1,3,54.6,.i,0,2
1,1,41,1,1,28.3,21,4,1
2,1,33,1,1,26.9,10,1,2
1,1,63,1,1,35.3,18,1,1
2,1,44,1,3,19.6,10,1,2
.i,2,73,1,1,24.6,.i,5,2
.i,2,75,1,0,13.6,.a,2,2
2,1,67,1,4,88.3,.i,3,2
.n,1,83,1,1,28.4,.i,1,1
2,1,54,1,2,38.3,18,2,1
2,1,64,1,0,32,.i,4,1
.i,2,42,1,0,18.6,16,5,1
2,1,45,1,1,37.2,11,5,2
2,1,35,1,1,33.4,.i,1,2
2,1,40,1,1,52.4,19,5,1
1,1,50,1,1,.i,.a,2,1
2,1,85,1,3,71.7,.i,5,2
.d,1,77,1,1,56.9,19,0,2
1,1,41,1,3,68.59999999999999,20,1,2
1,1,88,1,1,32,.i,0,1
2,1,74,1,3,57,13,1,2
.i,2,33,1,1,51.5,16,5,2
.i,2,33,2,1,39.7,.i,1,1
3,1,36,1,1,38.1,12,3,2
1,1,57,1,3,68,18,0,2
.i,2,23,1,1,.i,.i,3,2
1,1,33,1,1,84.5,15,1,2
1,1,43,1,1,19.6,.i,1,2
1,1,62,1,1,32,.i,1,1
1,1,42,1,0,41,11,0,1
1,1,64,2,2,43.9,.i,0,2
1,1,57,1,1,39,.i,5,1
2,1,56,1,4,79.3,25,7,1
1,1,23,1,1,44.9,13,1,1
2,1,30,1,3,35.4,10,6,1
2,1,36,1,4,88.3,.i,2,2
1,1,32,1,4,75.5,18,1,2
1,1,25,1,4,.i,.i,2,1
.n,1,74,1,3,39.7,.i,3,2
1,1,74,1,3,76.3,.i,0,2
2,1,56,1,4,83.40000000000001,21,6,1
.i,2,24,1,1,26.9,6,4,1
1,1,24,1,3,.i,.i,2,2
.i,2,60,1,0,.i,.i,3,1
.i,2,37,1,1,21.6,3,4,1
2,1,47,1,2,43,24,5,1
2,1,20,1,1,19.6,5,6,2
.i,2,31,1,1,43,.i,3,1
2,1,44,1,1,34.8,16,4,2
1,1,69,1,3,52,.i,2,2
.i,2,43,1,2,25.1,3,1,2
.i,2,39,1,1,37.2,17,2,1
.i,2,21,1,1,64.5,.i,4,2
2,1,54,1,2,35.8,9,5,2
1,1,33,1,3,84.2,20,2,2
.i,2,60,1,1,20.5,12,1,2
1,1,29,1,3,80.90000000000001,17,0,2
1,1,72,1,1,35.8,5,0,2
.i,3,20,1,0,.i,.i,0,2
.i,2,27,1,1,23.7,3,5,1
2,1,80,1,4,77.40000000000001,.i,6,1
.i,2,56,1,4,71.40000000000001,18,5,2
.i,2,44,1,1,35.8,11,4,2
1,1,31,2,2,39.7,5,1,2
.i,2,49,1,1,.i,.i,6,2
.i,2,37,3,4,.i,.i,2,2
2,1,84,1,1,52.4,.i,5,1
2,1,67,1,1,36.9,.i,4,2
2,1,58,1,1,24.2,.i,4,2
2,1,53,1,1,68.59999999999999,16,5,1
1,1,39,1,1,62.9,14,7,1
1,1,89,1,1,48.3,.i,1,1
1,1,54,1,3,63.7,18,0,2
1,1,31,1,1,43,11,1,2
2,1,73,1,1,73.90000000000001,.i,5,1
2,1,67,1,1,27.1,10,6,1
2,1,47,3,4,52,16,2,2
2,1,78,1,1,48.3,.i,6,1
2,1,55,1,3,87.90000000000001,.i,6,2
1,1,57,1,1,23.8,18,2,2
.i,2,88,1,0,13.2,.i,3,2
.i,2,46,1,1,14.8,9,3,2
1,1,79,1,0,43.9,.i,0,1
1,1,41,1,1,43,15,5,2
.i,2,64,1,1,25.1,20,3,1
1,1,61,1,1,41,25,2,1
2,1,40,1,1,44.9,.i,7,2
.i,3,19,1,0,23.8,2,6,1
2,1,39,1,4,80.90000000000001,18,6,2
2,1,41,1,1,57.5,20,6,2
2,1,44,1,3,18.6,18,4,1
2,1,57,1,3,86.5,22,5,1
2,1,55,1,1,68.59999999999999,24,6,1
2,1,46,1,2,37.6,18,5,2
2,1,41,1,2,52,15,5,2
.i,2,37,1,1,46.6,17,2,1
2,1,87,1,1,56.9,18,6,2
2,1,42,3,1,23.3,19,6,1
.n,1,30,1,1,33.4,15,3,2
1,1,56,1,3,61.4,20,2,2
1,1,39,1,3,13.6,2,3,2
1,1,32,1,2,39.7,6,4,1
.i,2,50,1,3,84.2,19,3,2
.i,2,54,1,0,43.9,.i,3,1
2,1,43,1,2,65.3,19,6,1
2,1,80,1,1,66.09999999999999,.i,6,2
.i,2,51,1,1,21.8,1,3,2
1,1,71,1,0,32,.i,1,1
2,1,39,1,1,87.90000000000001,20,4,1
2,1,84,1,1,35.8,.i,6,2
1,1,43,2,1,25.1,19,3,1
2,1,70,1,1,56.9,.i,5,1
1,1,58,1,1,27.7,17,0,2
2,1,82,1,1,38.8,.i,6,2
2,1,37,1,3,77.40000000000001,22,4,1
.i,2,30,3,1,18.6,14,1,1
1,1,58,1,4,46.6,22,0,2
1,1,89,1,1,.i,.i,1,1
2,1,80,1,1,35.8,.i,5,2
2,1,66,1,0,14,5,3,2
2,1,30,1,3,25,9,4,2
1,1,57,1,1,38.3,19,5,2
2,1,55,1,4,62,21,6,1
1,1,64,1,3,62,20,3,1
2,1,58,1,1,32,21,4,2
.i,2,44,1,1,39.6,18,1,2
.i,2,31,1,1,14,19,3,1
2,1,31,1,4,92,23,6,2
2,1,64,1,1,56.9,23,6,1
.i,2,27,2,1,85.2,17,1,1
2,1,59,1,2,84.2,19,4,1
1,1,38,1,2,24.2,5,2,2
.i,.d,29,1,1,23.8,14,5,1
1,1,75,1,1,14,.i,1,1
.i,2,45,1,1,26.9,18,4,2
.i,2,44,1,1,19.6,9,4,2
.i,3,29,3,0,18.8,16,3,2
1,1,79,1,1,45.1,.i,5,1
.i,3,34,3,3,17.1,15,3,1
1,1,85,1,1,52.1,.i,2,1
.i,2,66,1,4,92.8,25,3,1
.i,2,26,1,2,69.3,18,2,2
.n,.n,66,1,1,21.6,.i,3,2
1,1,65,1,1,38.8,13,2,2
2,1,65,1,1,39.2,19,6,2
3,1,56,1,0,33.2,17,4,1
.i,2,56,1,1,50.4,.i,6,1
.i,2,34,1,0,23.3,.i,2,1
1,1,55,2,1,23.3,8,0,1
2,1,53,1,3,39.2,.i,6,1
1,1,82,1,4,75.5,.i,2,1
.i,2,29,1,1,20.7,8,1,1
.i,2,52,1,3,74.8,19,3,1
1,1,23,1,1,23.3,.i,2,1
2,1,33,1,1,65.3,18,6,1
2,1,56,1,3,64.90000000000001,23,7,1
2,1,28,1,3,24.2,13,4,1
2,1,76,1,1,38.8,.i,5,2
.i,2,33,1,1,23.3,19,4,1
2,1,68,1,1,23.8,.i,6,1
1,1,44,1,1,37.6,16,2,1
2,1,74,1,0,24.2,.i,6,2
1,1,55,1,3,76.3,17,2,2
2,1,67,1,1,39.7,18,6,1
1,1,59,1,4,84.2,20,2,2
1,1,55,2,1,38.1,12,1,2
.i,.d,45,2,0,21.6,.i,2,2
.i,2,56,2,0,35.3,18,5,1
2,1,27,1,1,27,14,6,2
2,1,34,1,0,27,9,3,2
1,1,61,2,1,63.1,.i,2,1
1,1,30,2,3,41.1,18,0,2
.i,2,25,3,3,83.8,2,5,1
1,1,56,2,1,24.6,.i,0,1
2,1,58,1,1,86.7,19,6,1
.i,2,38,1,1,12.6,5,3,2
.i,2,26,2,1,19.6,2,1,2
1,1,71,1,1,39.2,.i,5,2
1,1,44,2,0,21.3,12,0,1
1,1,35,2,3,43,13,1,2
1,1,38,2,4,41.1,18,0,2
1,1,53,2,0,13.6,12,6,2
.i,2,28,2,1,20.1,11,3,2
.i,.d,84,1,1,52.5,.i,7,1
.i,3,50,3,1,25.2,9,0,1
1,1,65,2,0,13.6,3,0,2
.i,2,26,1,1,62,11,4,1
2,1,52,1,1,80.90000000000001,13,6,2
.i,2,59,2,1,20.7,.i,0,1
1,1,54,1,1,43.4,.i,2,1
.i,2,44,1,1,56.8,22,6,2
.i,2,67,1,0,.i,.i,3,2
1,1,63,1,1,24.2,11,2,2
2,1,29,1,3,80.90000000000001,17,5,2
2,1,60,1,4,82.5,18,5,1
.i,2,20,1,1,45.4,4,5,1
2,1,65,1,1,39.7,1,3,2
.i,2,27,3,1,57.5,.i,3,1
.i,2,53,1,1,20.7,.i,3,2
.i,2,67,1,1,26.1,13,0,2
.i,2,30,1,2,24.6,16,5,2
.i,3,19,1,1,24.2,3,2,2
2,1,79,1,1,65.3,.i,5,1
.i,2,33,1,1,53.2,.i,1,1
1,1,75,1,0,61.2,10,3,1
2,1,79,1,0,39.7,.i,6,2
.i,2,32,1,0,28.6,.i,4,2
1,1,70,1,4,84.5,.i,2,2
.i,2,58,1,0,24,11,4,1
.i,2,73,3,0,28.4,.i,3,1
.i,2,45,1,0,28.4,19,2,1
1,1,33,1,0,13.6,.i,3,2
.i,2,80,1,0,32,.i,2,1
1,1,64,3,0,25.2,.i,0,1
1,1,54,1,1,24.2,16,3,2
3,1,53,1,1,67.7,20,4,1
.i,3,42,1,2,.i,.i,3,2
1,1,31,1,0,14.8,.i,3,2
3,1,54,1,1,57.4,22,6,1
2,1,78,1,0,19.6,.i,3,2
.i,2,28,3,1,32.6,.i,3,2
.i,2,37,1,3,31.9,.i,1,2
.i,3,18,1,1,37.2,.i,5,1
2,1,37,1,3,80.90000000000001,19,6,2
.i,2,43,3,0,21.3,21,3,1
.i,3,19,3,0,.i,.i,3,2
.i,2,39,3,1,46,25,7,1
.i,3,52,3,0,12.6,15,3,2
.i,2,22,3,0,23.8,1,1,1
.i,2,35,3,1,62,5,3,2
.i,2,25,1,1,27,18,3,2
1,1,51,1,1,53.2,19,2,1
.i,2,30,1,0,.i,.i,0,2
.i,3,70,1,0,13.6,.i,3,2
.i,2,30,1,1,37.6,8,1,2
1,1,59,2,1,19.6,2,0,2
1,1,49,2,0,12.6,3,0,1
.i,3,29,1,1,43,.i,5,2
.i,2,30,1,3,.i,.a,5,1
2,1,62,3,0,69.3,16,6,2
2,1,35,1,2,37.2,15,6,2
2,1,55,1,3,67.7,25,5,1
.i,.d,77,1,2,43,.i,5,2
1,1,78,1,4,80.90000000000001,.i,0,2
2,1,89,1,1,56.9,.i,5,2
2,1,41,1,4,72.7,19,3,2
.n,1,53,1,2,50.4,19,5,1
2,1,74,1,4,20.1,.i,6,2
2,1,78,1,1,57.5,.i,3,1
1,1,46,1,1,38.2,.i,1,2
1,1,60,1,3,39.7,.i,2,1
3,1,61,3,1,20.1,14,5,2
1,1,48,1,1,32.6,18,3,1
.i,2,21,3,1,18.6,2,0,1
1,1,77,1,3,84.2,.i,2,2
2,1,25,1,1,60.5,9,4,2
.i,2,36,1,1,45.4,16,3,1
.i,2,32,1,1,43,12,3,1
.i,3,19,1,0,.i,.i,2,2
1,1,29,1,4,86.09999999999999,20,1,2
2,1,60,1,1,23.8,14,6,1
1,1,34,3,1,21.8,.i,2,2
3,1,77,1,1,38.3,.i,3,2
1,1,57,1,4,62.9,18,0,2
1,1,24,1,3,37.6,.i,1,2
1,1,31,1,2,65.3,18,3,1
1,1,63,1,1,12.6,.i,1,2
2,1,78,1,4,80.90000000000001,.i,5,2
.n,1,86,1,3,80.90000000000001,.i,3,2
2,1,21,1,1,13.3,.i,5,1
2,1,39,1,3,71.59999999999999,.i,6,1
.n,1,61,1,1,20.8,13,3,2
.i,2,70,3,0,20.7,.i,1,2
1,1,43,1,4,82.5,18,2,2
2,1,43,3,3,87.90000000000001,21,5,2
2,1,61,1,3,21.6,.i,6,2
1,1,58,1,4,80.90000000000001,14,2,1
2,1,34,1,4,75.7,21,6,2
2,1,24,3,3,23.7,11,7,1
1,1,55,1,1,78.3,23,2,1
1,1,26,2,1,85.90000000000001,17,1,1
2,1,53,1,1,67.7,14,6,2
1,1,56,1,4,88.7,21,2,2
1,1,60,1,1,67.7,.i,2,2
.i,2,33,1,3,36.2,19,3,1
1,1,38,1,1,52.6,18,3,2
1,1,61,2,1,12.6,9,1,2
.i,2,65,1,1,20.7,15,3,1
1,1,48,1,1,20.9,18,2,1
.i,2,32,2,0,28.7,20,4,1
.i,2,23,1,1,41,.a,2,1
.i,2,38,1,0,28.6,.i,3,2
.i,2,61,1,2,77.7,15,3,1
1,1,48,2,1,23.3,15,0,1
1,1,25,1,1,37.8,15,0,2
2,1,77,1,1,67.7,.i,4,1
.i,2,29,1,1,25.2,.i,5,1
1,1,64,1,1,54.6,17,4,2
.i,2,63,1,1,21.8,.i,5,2
.i,2,23,1,1,64.5,2,4,2
1,1,67,1,1,38.9,15,0,2
.i,3,28,1,0,28.4,.a,3,1
.i,2,22,1,1,.i,.i,4,1
.i,3,43,3,0,.i,.i,1,2
.i,3,30,1,0,12.6,.i,3,2
1,1,43,1,1,46.5,19,1,1
.i,2,39,1,1,31.2,13,3,1
1,1,56,1,0,34.7,18,1,1
1,1,86,3,0,20.7,.i,0,2
.i,3,29,3,0,14,11,3,1
1,1,70,3,1,49.4,.i,1,2
1,1,59,1,1,56.9,.i,3,1
1,1,.n,1,3,80.90000000000001,.i,1,2
2,1,67,1,1,41.1,.i,4,2
1,1,27,1,2,26.9,16,0,1
1,1,62,1,3,28.6,22,1,1
2,1,41,1,1,43,.i,6,2
.i,2,89,1,1,35.8,.i,1,2
2,1,35,1,1,76.3,14,6,2
1,1,42,2,1,21.6,13,0,2
.i,2,37,3,1,43.9,18,3,1
.i,2,36,1,1,14.8,.i,3,2
.i,2,35,3,1,.i,.i,7,1
.i,2,26,3,4,63.7,7,2,1
1,1,76,3,0,20.7,.i,0,1
1,1,33,1,1,60.3,18,1,1
.i,3,66,1,0,21.6,.i,3,2
.i,2,37,3,1,.i,.i,3,2
1,1,67,2,2,.i,.i,1,1
.i,2,24,1,0,25.2,.i,3,1
.i,2,53,3,0,52.5,14,3,2
1,1,30,1,3,54.6,6,3,2
.i,2,41,1,0,.i,.i,2,2
.i,2,57,3,1,21.6,.i,1,1
.i,2,57,1,1,37.2,.i,3,2
1,1,83,1,1,56.8,.i,1,2
.i,2,76,1,0,19.6,.i,3,2
1,1,68,1,1,.i,.i,3,2
1,1,57,1,2,17.1,.i,3,2
.i,2,41,1,0,38.3,16,3,2
.i,2,27,1,1,59.1,15,1,1
.i,2,55,1,0,24.2,.i,5,2
1,1,64,1,1,73.90000000000001,.i,0,2
1,1,45,1,4,84.5,21,2,1
1,1,54,1,3,85.2,.i,0,1
.i,2,30,1,3,39.2,8,1,2
4,1,88,1,0,38.3,.i,3,2
.i,2,63,1,1,43.9,.i,2,2
3,1,54,1,1,37.6,19,4,1
.n,1,.n,3,3,50.3,.i,3,2
1,1,51,1,1,38.3,16,2,2
2,1,43,1,3,57.8,.i,5,2
1,1,52,1,1,67.8,21,2,1
.i,.d,27,1,3,29.2,3,1,2
.i,2,48,1,1,23,11,5,1
2,1,70,1,1,62.6,.i,4,2
2,1,62,1,1,56.9,25,4,2
2,1,31,1,2,84.2,5,5,2
2,1,54,1,3,77,.i,5,2
2,1,39,1,3,62.1,19,6,2
3,1,88,1,1,51.9,.i,3,1
1,1,36,1,3,73.90000000000001,21,0,1
1,1,65,1,1,67.7,25,3,1
2,1,29,1,1,38.8,.i,5,2
1,1,33,1,2,13.6,14,3,2
.i,2,24,3,3,39.7,.i,3,1
.i,3,24,1,1,27.2,10,6,1
1,1,20,1,2,13.6,4,2,2
2,1,65,1,3,77.40000000000001,20,6,1
.i,2,58,1,0,20.5,.i,6,1
2,1,79,1,1,39.9,13,5,1
.i,2,79,1,1,28.7,.i,5,1
2,1,40,1,3,56.9,18,3,1
4,1,44,1,2,37.2,17,3,2
2,1,74,1,1,33.9,.i,6,1
1,1,68,1,1,25.7,14,4,2
.i,2,27,1,1,35.8,.a,3,2
1,1,72,1,2,65.3,18,3,2
3,1,47,1,3,65.3,19,4,1
.i,2,39,1,1,39.7,15,3,1
1,1,36,3,2,49.2,9,2,2
2,1,33,1,1,54.6,19,3,1
3,1,23,3,2,52,11,2,1
1,1,40,1,3,33.4,16,0,2
1,1,29,1,3,86.7,9,0,1
1,1,37,1,4,84.5,19,1,1
.i,2,26,1,2,39.7,10,2,1
3,1,67,1,1,46,.i,3,1
1,1,34,1,1,24.2,9,5,2
.i,2,27,1,1,19.6,16,4,1
.i,2,45,1,0,12.6,2,3,2
1,1,32,1,3,85.8,18,1,1
.i,2,32,3,1,33.2,17,7,1
.i,2,24,3,2,21.6,.i,3,1
.i,2,27,1,3,37.6,.i,3,1
1,1,55,1,1,52.5,21,2,1
1,1,37,1,3,67.7,.i,1,1
1,1,70,1,1,51.5,.i,0,1
1,1,53,1,1,13.6,9,1,1
2,1,59,1,1,68.59999999999999,.i,7,1
2,1,63,1,1,35.8,9,5,2
.i,2,53,1,1,46.5,21,1,1
.i,2,21,3,1,43.9,7,3,1
2,1,61,1,3,86.5,22,4,1
.n,.n,71,1,1,20.9,.i,1,1
.i,2,65,1,1,.i,.i,3,1
.i,2,49,1,1,32,.i,2,2
1,1,65,1,1,20.1,.i,3,1
2,1,32,1,3,62.1,.i,4,2
2,1,54,1,1,.i,.a,6,1
2,1,71,1,4,41.1,.i,7,2
.i,3,38,3,0,23.3,.i,4,1
1,1,88,1,0,12.6,.i,0,2
1,1,76,1,1,32,.i,2,1
.i,2,32,3,1,17.1,.i,4,1
1,1,26,1,0,.i,.i,5,2
1,1,34,1,4,84.5,23,1,2
1,1,60,1,1,31,19,2,1
.i,2,53,1,1,.i,.a,3,1
.i,2,36,1,1,24.2,.i,3,2
2,1,25,1,1,61.2,13,5,2
2,1,53,1,4,84.5,9,6,2
.i,3,34,1,0,13.6,.i,3,2
2,1,56,1,1,14,14,5,2
.i,2,35,3,1,25,3,1,2
.i,3,30,2,2,50.4,15,3,1
.i,2,47,1,1,23.8,12,2,2
.i,2,26,1,1,28.7,8,2,1
2,1,33,1,1,50.4,16,3,1
2,1,32,1,1,53.6,16,4,2
1,1,42,1,4,84.5,21,1,2
.i,2,29,1,2,36.4,.i,5,2
.i,2,26,1,1,50.4,16,2,1
.i,3,43,3,4,86.09999999999999,.i,4,2
.i,2,28,1,1,50.4,18,6,1
.d,1,41,1,2,50.4,19,6,2
.i,2,36,1,1,61.4,.i,2,2
1,1,48,2,3,50.4,17,0,1
2,1,28,3,3,50.4,21,5,1
2,1,37,1,3,73.5,20,4,1
.n,1,61,1,1,12.6,.a,3,2
.i,2,40,1,1,24.2,20,3,1
1,1,24,1,1,27,4,0,2
.i,2,21,2,0,20.7,.i,1,1
1,1,58,1,1,20.7,2,1,1
2,1,47,1,2,45.1,18,4,1
3,1,31,1,1,.i,.a,5,2
.i,2,44,1,1,65.09999999999999,23,4,1
2,1,27,1,3,65.3,19,4,1
.i,2,65,1,3,74.8,.i,2,1
2,1,42,1,1,57.5,7,2,2
.i,2,31,1,4,59.1,21,3,2
2,1,66,1,4,77.40000000000001,18,4,1
2,1,47,1,1,73.59999999999999,1,3,2
.i,2,49,1,0,39.7,11,3,2
.i,.d,52,1,0,31,.i,1,1
2,1,79,1,1,22.1,.i,5,1
2,1,64,1,2,38.8,.i,4,2
.i,2,42,1,0,27,.i,3,2
.i,2,58,1,1,32,19,3,1
2,1,59,1,1,32,22,4,1
.i,2,55,1,1,78.3,8,3,2
.i,2,35,1,0,21.6,.i,2,2
1,1,44,1,1,36.2,1,3,1
.i,2,43,1,1,24.6,.i,6,1
.i,2,25,1,1,14,6,5,1
.i,2,58,1,0,23.3,13,1,1
2,1,62,1,3,69.3,.i,3,1
2,1,48,1,3,42.7,25,5,1
2,1,64,1,3,68.59999999999999,.i,3,1
.i,2,49,1,1,41,20,4,1
.i,2,38,1,3,75.5,19,4,1
1,1,33,1,3,60.5,.i,0,2
2,1,58,1,3,80.90000000000001,18,6,2
2,1,41,1,2,28.6,10,6,2
2,1,70,1,4,50.4,20,4,2
2,1,56,1,1,32,18,6,1
2,1,62,1,1,34.4,.i,5,1
1,1,62,1,3,50.4,21,0,1
1,1,63,1,0,43.9,.i,0,1
2,1,30,1,1,58.1,15,1,1
.i,2,46,1,0,19.6,3,1,2
.i,2,50,2,1,33.2,.i,5,2
2,1,30,1,1,62.6,18,5,1
2,1,68,1,0,41,.i,2,2
2,1,60,1,1,69.3,19,4,2
2,1,29,1,1,21.8,.i,0,2
2,1,37,1,0,76.3,.i,4,2
.i,2,47,2,1,24.2,13,0,2
2,1,51,1,1,39.9,25,6,1
.i,3,39,3,3,80.90000000000001,9,3,2
.i,2,70,1,0,14,.i,1,2
.i,2,26,1,1,39.7,18,3,2
1,1,58,1,1,84.2,20,1,2
2,1,58,1,1,32,.i,6,1
2,1,62,1,4,83.8,25,7,1
1,1,41,1,3,69.3,20,2,1
3,1,48,1,2,24.2,13,3,2
.i,2,33,1,2,.i,.i,5,2
.i,2,51,1,2,68,18,3,1
3,1,62,1,4,62.6,18,4,1
.i,2,40,1,1,32.8,14,2,1
3,1,41,1,1,45.3,15,1,2
2,1,65,1,1,61.4,.a,4,2
2,1,39,1,2,84.2,20,6,2
1,1,49,1,3,84.2,.i,0,2
2,1,76,1,4,77.40000000000001,.i,6,1
.i,2,70,1,1,65.3,.i,1,2
2,1,53,1,0,19.6,.i,3,2
3,1,55,1,1,39.9,.a,7,2
1,1,59,1,1,12.6,8,0,2
.i,2,73,1,1,43,.i,2,1
1,1,78,1,1,18.8,.i,0,2
.i,2,32,1,1,.i,.i,3,2
1,1,41,1,3,46.6,16,0,2
.i,2,62,1,1,46.6,20,5,1
.i,2,58,1,1,37.2,16,3,2
2,1,39,1,1,53.2,22,5,1
2,1,43,1,1,23.3,.i,3,1
.i,2,22,1,1,50.4,17,7,1
.i,2,33,2,1,63.1,19,5,1
.i,2,27,1,3,30.9,14,1,1
1,1,46,1,3,80.90000000000001,18,0,2
4,1,62,1,3,32,16,4,1
.i,2,28,2,1,39.1,18,1,1
2,1,75,1,0,20.7,.i,1,1
.i,2,43,1,0,38.3,2,5,2
2,1,31,1,2,37.6,19,4,1
.i,2,32,2,3,23.8,.i,1,1
2,1,23,1,1,35.3,15,5,1
.i,2,25,1,1,38.8,.i,7,2
.i,2,45,2,4,35.8,16,5,2
.i,2,34,1,1,65.3,.i,5,2
.i,2,57,1,2,52,15,2,1
2,1,70,1,2,50.4,.i,3,1
.i,2,39,1,1,65.3,13,2,2
2,1,63,1,1,75.2,.i,6,2
.i,2,59,1,0,20.7,.i,5,2
2,1,58,1,1,63.1,19,4,1
.i,2,30,2,2,50.4,.a,5,2
1,1,31,1,1,23.3,2,0,1
1,1,27,1,1,30.9,.i,0,1
2,1,43,1,4,87.90000000000001,20,6,1
2,1,31,1,1,59.1,.i,6,1
1,1,44,2,2,38.8,10,1,2
2,1,26,1,3,45.3,.i,5,2
.i,2,24,1,1,50.4,17,4,2
.i,2,38,1,1,50.4,.i,2,1
.i,2,38,3,0,21.6,.i,3,2
1,1,51,2,1,56.9,.i,2,2
1,1,44,2,2,50.4,20,1,1
.i,2,67,1,0,28.6,17,3,2
2,1,65,1,1,85.2,14,5,1
1,1,85,1,1,73.90000000000001,.i,0,2
.i,3,20,3,1,14.6,.a,3,2
.i,3,19,1,1,19.6,3,2,2
.i,2,45,1,0,27.1,5,3,2
.n,1,74,1,1,13.6,1,.n,2
1,1,31,1,1,65.3,16,2,2
1,1,54,3,1,52.1,17,1,2
1,1,82,1,3,92,.i,5,1
.i,2,49,1,1,32,24,3,1
.d,1,50,3,1,13.6,10,2,2
.i,2,21,3,1,44.6,11,3,2
1,1,37,3,2,21.6,.i,4,2
.i,2,42,3,3,21,13,3,2
2,1,83,1,1,38.8,.i,6,2
.i,.d,86,1,1,24.2,.i,6,2
.i,2,60,1,1,23.3,14,3,1
1,1,77,1,1,84.2,.i,2,2
2,1,44,1,3,14,.i,5,1
2,1,54,1,3,43,9,5,1
.i,2,48,1,1,32,19,7,1
2,1,76,1,3,84.2,15,6,1
.n,1,64,1,1,43.9,.a,5,2
2,1,64,1,1,13.6,17,2,2
.i,2,32,1,1,46,23,4,1
1,1,50,1,1,32,19,3,1
2,1,47,1,1,20.8,7,4,2
1,1,34,3,0,.i,.i,1,2
1,1,59,1,2,73.40000000000001,15,1,2
.n,1,40,1,4,92.8,25,4,1
1,1,52,1,1,14.4,.i,1,2
2,1,79,1,3,77.2,.i,6,2
1,1,24,3,1,39.7,10,2,1
.i,3,24,1,3,13.3,13,1,2
.i,2,23,1,1,25.7,3,0,2
.i,2,26,1,1,26.5,6,2,2
1,1,30,1,1,57,12,1,2
.i,2,28,1,1,36.2,18,2,1
1,1,49,1,1,28.7,21,2,1
.i,2,27,3,1,13.6,10,3,2
2,1,38,1,3,39.7,18,3,2
1,1,27,1,1,72.7,15,1,2
2,1,54,1,3,59.1,18,6,2
2,1,49,1,4,62.6,18,5,1
2,1,38,1,1,14.8,1,6,2
1,1,61,1,1,32,17,1,1
1,1,64,1,1,62.6,.i,2,2
.i,2,49,1,1,22.9,.i,0,1
.i,2,28,1,1,43.9,19,2,1
.i,2,40,1,2,42.9,14,1,2
.i,2,20,1,1,23.3,1,4,1
1,1,35,1,1,45.1,16,1,1
2,1,56,1,1,20.7,16,4,2
1,1,54,1,1,31.2,18,1,1
.i,2,24,1,1,36.2,15,5,1
.i,2,38,1,4,38.8,18,1,1
.i,2,47,1,1,68.59999999999999,19,1,2
2,1,55,1,3,84.2,17,5,1
1,1,54,1,4,59.1,18,1,2
1,1,69,1,1,38.8,.i,1,2
.i,2,30,1,0,12.6,9,4,2
.i,2,39,1,3,57.4,.i,3,2
1,1,54,1,3,60.5,19,1,2
.n,1,58,1,2,28.7,.i,.n,2
2,1,64,1,1,70.09999999999999,.i,6,1
1,1,58,1,3,67.7,21,2,1
.i,2,26,1,1,26.9,.i,1,1
2,1,51,1,2,64.2,20,6,1
1,1,51,1,1,12.6,7,5,2
.i,.d,57,1,0,14,.i,0,2
2,1,31,1,1,24.2,8,6,2
.i,2,44,1,1,32,20,3,1
2,1,63,1,3,80.90000000000001,19,6,2
1,1,27,1,1,39.7,18,1,2
.i,2,48,1,0,42.2,21,3,1
1,1,58,1,1,58.4,20,1,2
2,1,31,1,3,86.5,22,5,1
2,1,39,1,1,25,21,6,1
3,1,30,1,3,63.2,21,3,1
.i,2,79,1,1,24.2,.i,2,2
.i,2,53,1,0,25.2,.i,1,1
.i,2,48,1,1,31.6,.i,3,2
2,1,69,1,1,28.4,.i,6,1
2,1,67,1,4,92.8,25,4,1
1,1,87,1,0,21.6,.i,0,2
.i,2,45,1,4,82.5,19,3,2
1,1,81,1,1,43.9,.i,5,1
2,1,57,1,1,39.9,.a,6,1
.i,2,72,1,0,23.8,.i,1,2
1,1,29,1,2,84.2,18,0,2
2,1,48,1,1,24.6,12,6,2
.i,2,35,1,0,.i,.i,3,1
.i,3,23,3,0,43.9,5,3,1
1,1,42,2,2,43,14,0,2
1,1,57,2,1,27,.i,1,2
1,1,70,2,0,14,.i,0,2
1,1,39,2,1,21.6,.i,0,2
1,1,31,2,1,35.8,.i,0,2
.i,2,38,3,0,37.1,12,3,2
1,1,56,2,1,14,.i,0,2
2,1,87,1,1,38.8,.i,6,2
.i,2,34,3,1,.i,.i,2,2
1,1,62,2,0,24.2,11,0,2
.i,3,62,3,0,14,12,2,1
2,1,59,1,0,68.59999999999999,.i,5,1
1,1,62,2,1,46.5,5,0,2
1,1,52,2,1,51.8,15,1,2
1,1,81,2,0,25,.i,0,1
.i,.d,84,1,1,28.7,.i,1,1
.i,2,26,2,1,23.3,18,2,2
2,1,71,1,2,39.9,13,5,1
1,1,37,2,0,43,.i,0,2
2,1,74,1,1,55.1,11,6,1
2,1,50,1,1,29.6,14,3,2
1,1,40,2,3,51.8,18,3,1
2,1,66,1,1,53.6,.i,4,2
1,1,40,2,2,24.2,.i,3,2
2,1,61,1,3,60.5,.i,6,2
.i,2,24,1,1,28.7,2,1,1
.i,3,20,2,1,20.7,13,3,1
.i,2,40,1,1,35.8,14,5,2
2,1,56,1,1,52.5,19,6,1
1,1,64,2,1,38.2,18,0,1
2,1,84,1,0,24.2,.i,5,2
2,1,38,3,1,28.7,.a,6,1
.i,3,34,3,0,24.1,10,3,1
.i,3,35,3,0,14,7,3,2
1,1,65,2,4,63.7,.i,0,2
1,1,71,1,1,56.9,.i,1,2
2,1,38,1,3,43,25,5,2
1,1,53,1,2,46.6,20,2,1
1,1,64,2,1,46.5,.i,0,1
1,1,72,3,2,80.90000000000001,.i,1,2
1,1,37,2,4,71.8,15,0,2
.i,2,28,2,1,13.6,.i,2,2
.i,2,55,1,1,45.1,15,5,2
2,1,48,1,1,32,.i,1,2
2,1,53,1,1,24.6,14,6,2
.i,2,45,1,0,37.6,10,3,1
2,1,56,1,1,67.8,14,6,2
2,1,86,1,2,38.8,.i,4,2
1,1,46,2,1,23.8,.i,0,2
.i,2,29,2,1,43.9,.i,0,1
1,1,26,2,1,27,15,6,2
.i,2,75,1,1,13.2,.i,4,2
1,1,46,2,1,28.5,10,0,2
1,1,83,1,1,59.9,.i,0,2
2,1,25,1,1,25.7,7,4,2
.i,2,55,1,1,84.2,9,3,2
.i,.d,56,1,1,13.6,13,4,2
2,1,43,1,1,.i,.i,1,2
2,1,77,1,1,21.6,.i,6,2
.i,2,37,1,1,21.6,.i,3,2
.i,2,67,1,1,24.2,.i,0,2
.i,2,43,1,1,20.7,13,3,1
.i,2,53,1,1,23.3,15,4,1
2,1,79,1,1,.i,.i,.n,2
.i,2,35,1,1,30.3,.i,3,2
4,1,58,1,1,24.6,.i,1,2
2,1,67,1,2,84.2,.i,4,2
2,1,88,1,1,.i,.i,2,2
.i,.d,54,1,1,14.8,.i,5,2
.i,2,22,1,0,14,1,.n,1
.i,2,41,1,2,30,14,3,2
.i,2,38,1,1,14.4,3,5,2
1,1,46,1,1,32,16,0,1
.i,2,49,1,1,13.6,.i,4,2
.i,2,34,1,2,52,18,3,1
.i,2,54,1,1,13.6,.i,3,2
.i,2,34,1,1,57.8,12,2,2
1,1,69,1,4,91.09999999999999,.i,2,2
.i,2,36,1,1,46.5,.i,3,2
1,1,65,1,4,70.3,19,1,1
1,1,48,1,3,41.1,14,0,2
1,1,38,1,1,19.6,9,1,2
.i,2,30,1,1,39.7,4,2,1
2,1,48,1,3,84.2,8,5,2
2,1,49,1,1,41,16,4,2
1,1,54,1,3,68.59999999999999,16,2,1
2,1,49,1,3,82.5,18,5,1
1,1,53,1,3,67.8,18,1,2
1,1,52,1,3,63.1,19,1,1
1,1,82,1,4,86.8,.i,0,1
1,1,63,1,3,80.90000000000001,.i,2,2
.i,2,54,1,1,25.1,16,4,1
1,1,62,1,1,24.1,18,4,1
2,1,40,1,1,20.7,2,5,1
1,1,33,1,1,73.59999999999999,.i,3,2
.i,2,75,1,1,24.6,.a,6,2
.i,2,89,1,2,80.90000000000001,.i,5,2
2,1,56,1,1,23.3,18,3,1
1,1,24,1,1,38.1,9,2,1
.i,2,27,1,1,38.3,17,1,1
1,1,71,1,1,42.9,13,4,2
